date,title,director,year,stars
2011-03-27,Inland Empire,David Lynch,2006,4
2011-04-01,La vida es un milagro,Emir Kusturica,2004,
2011-04-03,El arca rusa,Aleksandr Sokurov,2002,5
2011-04-08,Biutiful,Alejandro Glez. Iñárritu,2010,
2011-04-09,Carretera perdida,David Lynch,1997,
2011-04-15,Poesía,Lee Chang-Dong,2010,5
2011-04-16,There will be blood,Paul Thomas Anderson,2007,
2011-04-17,Zodiac,David Fincher,2007,
2011-04-21,Eternal Sunshine of the Spotless Mind,Michel Gondry,2004,
2011-04-25,Ichi the Killer,Takashi Miike,2001,
2011-04-29,Balada triste de trompeta,Alex De La Iglesia,2010,
2011-04-30,The World,Jia Zhang Ke,2004,
2011-05-01,Demonlover,Olivier Assayas,2002,
2011-05-06,Redacted,Brian de Palma,2007,
2011-05-07,Still life,Jia Zhang Ke,2006,
2011-05-13,Exit through the gift shop ,Banksy,2010,5
2011-05-14,Collateral,Michael Mann,2004,
2011-05-15,Funny Games,Michael Haneke,1997,4
2011-05-20,The Wrestler,Darren Aronofsky,2008,
2011-05-21,La pianista,Michael Haneke,2001,
2011-05-27,The Secret of Kells,Tomm Moore,2009,
2011-05-28,El verdugo,Luis G. Berlanga,1963,4
2011-05-29,Amarcord,Federico Fellini,1973,
2011-06-03,Pa negre,Agustí Villaronga,2010,
2011-06-05,El ángel exterminador,Luis Buñuel,1962,4
2011-06-11,Tristana,Luis Buñuel,1970,
2011-06-12,Arrebato,Iván Zulueta,1979,
2011-06-17,"They Shoot Horses, Don't They?",Sydney Pollack,1969,
2011-06-18,Testigo de cargo,Billy Wilder,1957,
2011-06-19,Solas,Benito Zambrano,1999,
2011-06-25,El Gatopardo,Luchino Visconti,1963,
2011-06-26,Qué verde era mi valle,John Ford,1941,
2011-06-29,"Alemania, año cero",Roberto Rossellini,1948,4
2011-06-30,La regla del juego,Jean Renoir,1939,4
2011-07-03,"El bueno, el feo y el malo",Sergio Leone,1966,
2011-07-07,Canino,Giorgo Lanthimos,2009,4
2011-07-08,Carta de una desconocida,Max Opuls,1948,
2011-07-14,Vacaciones en Roma,William Wyler,1953,
2011-07-15,El día de la marmota,Harold Ramis,1993,
2011-07-16,Belle de jour,Luis Buñuel,1967,
2011-07-17,Let´s Get Lost,Bruce Weber,1988,
2011-07-22,The Man Who Shot Liberty Valance,John Ford,1962,
2011-07-23,Cuentos de Tokio,Yasujiro Ozu,1953,4
2011-07-25,Buenos días,Yasujiro Ozu,1959,4
2011-07-29,Ordet (La palabra),Carl Theodor Dreyer,1955,5
2011-08-06,Luz silenciosa,Carlos Reygadas,2007,
2011-08-07,Gertrud,Carl Theodor Dreyer,1965,
2011-08-08,Dies Irae,Carl Theodor Dreyer,1943,5
2011-08-11,Uncle Boonmee que recuerda...,Apitch. Weerasethakul,2010,
2011-08-12,El intendente Sansho,Kenji Mizoguchi,1954,
2011-08-14,Fresa y chocolate,Tomás Gutiérrez Alea,1993,
2011-08-15,Simón del desierto,Luis Buñuel,1965,
2011-08-17,Stromboli,Roberto Rossellini,1950,
2011-08-18,Whisky,Juan Pablo Rebella,2004,
2011-08-20,Luna nueva (His Girl Friday),Howard Hawks,1940,
2011-08-21,Rashomon,Akira Kurosawa,1950,
2011-08-22,Primera plana,Billy Wilder,1974,
2011-08-24,XXY,Lucía Puenzo,2007,
2011-08-26,La historia oficial,Luis Puenzo,1985,4
2011-08-27,El río,Jean Renoir,1951,5
2011-08-30,Vivir su vida,Jean Luc Godard,1962,4
2011-08-31,Breve encuentro,David Lean,1945,
2011-09-03,El sueño eterno,Howard Hawks,1946,
2011-09-04,Cayo Largo,John Huston,1948,
2011-09-09,Viaggio in Italia,Roberto Rossellini,1954,5
2011-09-10,"Roma, ciudad abierta",Roberto Rossellini,1945,
2011-09-16,L'Atlante,Jean Vigo,1934,4
2011-09-25,La aventura,Michelangelo Antonioni,1960,
2011-09-30,Valor de ley,Coen,2010,
2011-10-07,Cero en conducta,Jean Vigo,1933,4
2011-10-08,Smoke,Wayne Wang,1995,4
2011-10-11,Europa 51,Roberto Rossellini,1952,4
2011-10-14,Incendies,Denis Villeneuve,2010,
2011-10-15,Las amigas,Michelangelo Antonioni,1955,
2011-10-16,El desierto rojo,Michelangelo Antonioni,1965,
2011-10-21,El hombre de al lado,Gastón Duprat,2009,4
2011-10-22,The Woman on the Beach,Jean Renoir,1947,
2011-10-23,A bout de souffle,Jean Luc Godard,1960,
2011-10-24,Los inútiles (I vitelloni),Federico Fellini,1953,4
2011-10-28,Il bidone,Federico Fellini,1955,
2011-10-30,La strada,Federico Fellini,1954,4
2011-10-31,Las noches de Cabiria,Federico Fellini,1957,
2011-11-13,Roma,Federico Fellini,1972,
2011-11-19,El Evangelio según San Mateo,Pier Paolo Pasolini,1964,
2011-11-20,Accattone,Pier Paolo Pasolini,1961,
2011-11-25,Cirkus Columbia,Danis Tanovic,2010,
2011-11-27,Margarita Gautier,George Cukor,1937,
2011-12-02,The Shop Around the Corner,Ernst Lubitsch,1940,4
2011-12-03,That Uncertain Feeling,Ernst Lubitsch,1941,
2011-12-04,Ninotchka,Ernst Lubitsch,1939,
2011-12-05,Duel (Diablo sobre ruedas),Steven Spielberg,1971,
2011-12-06,Notorious (Encadenados),Alfred Hitchcock,1946,
2011-12-08,Angel,Ernst Lubitsch,1937,4
2011-12-09,While the City Sleeps,Fritz Lang,1956,
2011-12-16,Micmacs,Jean-Pierre Jeunet,2009,
2011-12-17,The Private Life of Sherlock Holmes,Billy Wilder,1970,
2011-12-25,The Life and Death of Colonel Blimp,Michael Powell,1943,
2011-12-28,La jungla de asfalto,John Huston,1950,5
2011-12-29,To Have and Have Not,Howard Hawks,1944,
2011-12-30,"Party Girl (Chicago, años 30)",Nicholas Ray,1958,
2012-01-01,"Suddenly, Last Summer",Joseph L. Mankiewicz,1959,4
2012-01-04,Cat on a Hot Tin Roof,Richard Brooks,1958,
2012-01-05,From Here to Eternity,Fred Zinnemann,1953,
2012-01-06,The Ghost and Mrs. Muir,Joseph L. Mankiewicz,1947,5
2012-01-08,Red River,Howard Hawks,1948,4
2012-01-13,An Affair to Remember (Tú y yo),Leo Mccarey,1957,4
2012-01-14,In a Lonely Place,Nicholas Ray,1950,4
2012-01-15,Cat People (La mujer pantera),Jacques Tourneur,1943,
2012-01-20,Pickpocket,Robert Bresson,1959,
2012-01-22,Sólo los ángeles tienen alas,Howard Hawks,1939,4
2012-01-28,No habrá paz para los malvados,Enrique Urbizu,2011,4
2012-01-29,Gilda,Charles Vidor,1946,
2012-01-30,Touch of Evil (Sed de mal),Orson Welles,1958,4
2012-02-04,Río Bravo,Howard Hawks,1959,
2012-02-05,Stagecoach (La diligencia),John Ford,1939,
2012-02-06,Jeremiah Johnson,Sydney Pollack,1972,
2012-02-10,Melancolía,Lars Von Trier,2011,4
2012-02-11,The Tree of Life,Terrence Malick,2011,5
2012-02-12,La piel que habito,Pedro Almodóvar,2011,
2012-02-17,Inside Job,Charles Ferguson,2010,
2012-02-18,The King´s Speech,Tom Hooper,2010,4
2012-02-19,French cancan,Jean Renoir,1955,
2012-02-24,Another Year,Mike Leigh,2010,
2012-02-25,Secrets & Lies,Mike Leigh,1996,
2012-02-26,Midnight in Paris,Woody Allen,2011,
2012-03-02,Whatever Works,Woody Allen,2009,
2012-03-03,Manhattan,Woody Allen,1979,
2012-03-04,Crimes and Misdemeanors,Woody Allen,1989,
2012-03-08,The Big Lebowski,Coen,1998,4
2012-03-09,"Nader y Simin, una separación",Asghar Farhadi,2011,4
2012-03-10,Hannah and Her Sisters,Woody Allen,1986,
2012-03-11,Ed Wood,Tim Burton,1994,4
2012-03-17,Monty Python and the Holy Grail,Terry Jones,1975,
2012-03-23,Four Lions,Chris Morris,2010,
2012-03-24,Mi tío,Jacques Tati,1958,4
2012-03-29,Sabrina,Billy Wilder,1954,
2012-03-30,Le Havre,Aki Kaurismäki,2011,4
2012-04-01,Les vacances de M. Hulot,Jacques Tati,1953,
2012-04-05,El sabor del sake,Yasujiro Ozu,1962,
2012-04-06,Los siete samuráis,Akira Kurosawa,1954,
2012-04-07,Los 400 golpes,François Truffaut,1959,4
2012-04-08,"Hiroshima, mon amour",Alain Resnais,1959,
2012-04-09,Plan 9 From Outer Space,Ed. Wood,1959,
2012-04-12,Ikiru,Akira Kurosawa,1952,4
2012-04-15,El General de la Rovere,Roberto Rossellini,1959,4
2012-04-15,The Dead,John Huston,1987,
2012-04-17,"Francisco, juglar de Dios",Roberto Rossellini,1950,
2012-04-20,The Artist,Michel Hazanavicius,2011,
2012-04-21,Moby Dick,John Huston,1956,
2012-04-23,Blue Velvet,David Lynch,1986,
2012-04-25,Pather Panchali (Apu Trilogy 1),Satyajit Ray,1955,5
2012-04-27,Le gamin au vélo,Jean-Pierre Dardenne,2011,4
2012-04-28,El año pasado en Marienbad,Alain Resnais,1961,
2012-05-01,Los olvidados,Luis Buñuel,1950,
2012-05-04,Aparajito (Apu Trilogy 2),Satyajit Ray,1957,5
2012-05-05,El niño,Jean-Pierre Dardenne,2005,
2012-05-11,13 asesinos,Takashi Miike,2010,
2012-05-12,Apur Sansar (Apu Trilogy 3),Satyajit Ray,1959,
2012-05-15,Dersu Uzala,Akira Kurosawa,1975,
2012-05-18,I´m not there,Todd Haynes,2007,
2012-05-19,The Straight story,David Lynch,1999,
2012-05-26,The Picture of Dorian Gray,Albert Lewin,1945,
2012-06-03,The Fortune Cookie,Billy Wilder,1966,
2012-06-24,The Professionals,Richard Brooks,1966,
2012-06-15,The Thin Red Line,Terrence Malick,1998,5
2012-06-28,El hundimiento,Oliver Hirschbiegel,2004,
2012-06-29,Badlands,Terrence Malick,1973,4
2012-07-12,Caro Diario,Nanni Moretti,1993,4
2012-07-13,Milagro en Milán,Vittorio De Sica,1951,
2012-07-14,Utamaro y sus cinco mujeres,Kenji Mizoguchi,1946,
2012-07-15,La gran ilusión,Jean Renoir,1937,
2012-07-20,Limelight (Candilejas),Charlie Chaplin,1952,
2012-07-22,El salario del miedo,Henri-Georges Clouzot,1953,
2012-07-27,Une partie de campagne (A Day in the Country),Jean Renoir,1946,
2012-07-28,The Great Dictator,Charlie Chaplin,1940,
2012-07-29,El séptimo sello,Ingmar Bergman,1957,
2012-07-31,My Fair Lady,George Cukor,1964,4
2012-08-03,The Kid,Charlie Chaplin,1921,
2012-08-04,Mogambo,John Ford,1953,
2012-08-06,The Lady from Shanghai,Orson Welles,1947,4
2012-08-07,Les enfants du paradis,Marcel Carné,1945,
2012-08-09,Mientras duermes,Jaume Balagueró,2011,
2012-08-10,8 1/2,Federico Fellini,1963,
2012-08-13,The Night of the Iguana,John Huston,1964,
2012-08-15,"M, El vampiro de Dusseldorf",Fritz Lang,1931,
2012-08-18,El pisito,Marco Ferreri,1959,
2012-08-19,Calle Mayor,Juan Antonio Bardem,1956,
2012-08-20,Muerte de un ciclista,Juan Antonio Bardem,1955,
2012-08-21,Historias de la radio,José L. Sáenz De Heredia,1955,
2012-08-22,Abril,Nanni Moretti,1998,
2012-08-23,Calabuch,Luis G. Berlanga,1956,
2012-08-24,Los jueves milagro,Luis G. Berlanga,1957,
2012-08-26,Manhattan Murder Mystery,Woody Allen,1993,
2012-08-26,El apartamento,Billy Wilder,1960,5
2012-08-28,Ojos negros,Nikita Mijalkov,1987,
2012-08-30,El cochecito,Marco Ferreri,1960,
2012-09-07,Surcos,José A. Nieves Conde,1951,
2012-09-08,La tía Tula,Miguel Picazo,1964,
2012-09-09,Vida en sombras,Lorenzo Llobet Gràcia,1949,
2012-09-14,Las Hurdes (Tierra sin pan),Luis Buñuel,1933,
2012-09-15,Las verdes praderas,José Luis Garci,1979,
2012-09-16,La torre de los siete jorobados,Edgar Neville,1944,
2012-09-21,El camino a casa,Zhang Yimou,1999,
2012-09-23,El viaje a ninguna parte,Fernando Fernan Gómez,1986,
2012-09-28,Moonrise Kingdom,Wes Anderson,2012,
2012-09-29,Sorgo rojo (Red Sorghum),Zhang Yimou,1988,
2012-09-30,El extraño viaje,Fernando Fernan Gómez,1964,
2012-10-06,September,Woody Allen,1987,
2012-10-07,El discreto encanto de la burguesía,Luis Buñuel,1972,4
2012-10-11,Todo lo que quiso saber sobre el sexo,Woody Allen,1972,
2012-10-12,No tengas miedo,Montxo Armendáriz,2011,
2012-10-13,Ese oscuro objeto del deseo,Luis Buñuel,1977,
2012-10-14,Nazarín,Luis Buñuel,1959,
2012-10-19,Las cartas de Alou,Montxo Armendáriz,1990,
2012-10-20,Alice,Woody Allen,1990,
2012-10-27,Las acacias,Pablo Giorgelli,2011,4
2012-10-28,Rumble Fish,Francis Ford Coppola,1983,5
2012-10-31,Sleeper,Woody Allen,1973,
2012-11-01,Zelig,Woody Allen,1983,
2012-11-02,El bosque animado,José Luis Cuerda,1987,
2012-11-03,The Hustler,Robert Rossen,1961,5
2012-11-09,Kiseki (Milagro),Hirokazu Kore-Eda,2011,
2012-11-10,Comedia sexual de una noche de verano (A Midsummer Night's Sex Comedy),Woody Allen,1982,
2012-11-11,Radio Days,Woody Allen,1987,
2012-11-16,Bananas,Woody Allen,1971,
2012-11-18,La rosa púrpura de El Cairo,Woody Allen,1985,
2012-11-23,La maldición del escorpión de Jade,Woody Allen,2001,
2012-11-24,Memorias del subdesarrollo,Tomás Gutiérrez Alea,1968,
2012-11-25,Muerte de un burócrata,Tomás Gutiérrez Alea,1966,
2012-11-31,Still walking,Hirokazu Kore-Eda,2008,
2012-12-01,Ciudad de Dios,Fernando Meirelles,2002,
2012-12-02,La teta asustada,Claudia Llosa,2009,
2012-12-06,La buena vida,Andrés Wood,2004,
2012-12-07,Machuca,Andrés Wood,2004,
2012-12-08,El aura,Fabián Bielinsky,2005,
2012-12-09,La escalera de caracol (The Spiral Staircase),Robert Siodmak,1946,
2012-12-22,Nadie sabe,Hirokazu Kore-Eda,2004,
2012-12-23,Fat city (Ciudad dorada),John Huston,1972,5
2012-12-26,Eduardo Manostijeras (Edward Scissorhands),Tim Burton,1990,
2012-12-27,Laura,Otto Preminger,1944,
2012-12-28,Winchester 73,Anthony Mann,1950,
2012-12-29,Anatomía de un asesinato,Otto Preminger,1959,4
2012-12-30,Gritos y susurros,Ingmar Bergman,1972,4
2013-01-01,Vidas rebeldes (The Misfits),John Huston,1961,
2013-01-05,Swimming Pool,François Ozon,2003,
2013-01-06,The Passion of Anna,Ingmar Bergman,1969,
2013-01-11,Alps,Giorgo Lanthimos,2011,
2013-01-12,8 mujeres,François Ozon,2002,
2013-01-13,"Uno, dos, tres",Billy Wilder,1961,
2013-01-18,La promesa,Jean-Pierre Dardenne,1996,
2013-01-19,Take Shelter,Jeff Nichols,2011,
2013-01-20,Deconstructing Harry,Woody Allen,1997,
2013-01-25,Infancia clandestina,Benjamín Ávila,2012,
2013-01-26,Otra mujer,Woody Allen,1988,
2013-02-02,El imperio de los sentidos,Nagisa Oshima,1976,
2013-02-03,What Ever Happened to Baby Jane?,Robert Aldrich,1962,4
2013-02-08,The Guard,John Michael Mcdonagh,2011,
2013-02-09,Trainspotting,Danny Boyle,1996,
2013-02-15,La cueva de los sueños olvidados,Werner Herzog,2010,
2013-02-16,Andrei Rubliov,Andrei Tarkovsky,1966,
2013-02-22,A Brand New Life,Ounie Lecomte,2009,4
2013-02-23,El desencanto,Jaime Chavarri,1976,
2013-02-23,La luna en ti,Diana Fabianova,2009,
2013-02-24,Después de tantos años,Ricardo Franco,1994,
2013-03-01,Born Into Brothels,Zana Briski,2005,
2013-03-02,Shame,Steve Mcqueen,2011,
2013-03-03,Secret Sunshine,Lee Chang-Dong,2007,4
2013-03-09,Grizzly Man,Werner Herzog,2005,
2013-03-10,Mónica del Raval,Fransesc Betriu,2009,4
2013-03-15,Tralas Luces,Sandra Sánchez,2011,
2013-03-16,Encounters At The End Of The World,Werner Herzog,2007,4
2013-03-17,"Nanuk, el esquimal",Robert J. Flaherty,1922,
2013-03-22,El viaje del emperador,Luc Jacquet,2005,
2013-03-24,El gran silencio,Philip Gröning,2005,
2013-03-27,La rueda del tiempo,Werner Herzog,2003,
2013-03-29,Océanos,Jacques Perrin,2010,
2013-03-30,Microcosmos: le peuple de l´herbe,Claude Nuridsany,1996,4
2013-03-31,Esperando a Superman,Davis Guggenheim,2010,
2013-04-05,Elisa K,Jordi Cadena,2010,
2013-04-07,Cinco condiciones,Lars Von Trier,2003,
2013-04-12,The Master,Paul Thomas Anderson,2012,
2013-04-13,Ai Weiwei: Never Sorry,Alison Klayman,2012,
2013-04-19,De tu ventana a la mía,Paula Ortiz,2011,
2013-04-20,Chico y Rita,Fernando Trueba,2010,
2013-04-21,Buena Vista Social Club,Wim Wenders,1999,
2013-04-27,Martha Marcy May Marlene,Sean Durkin,2011,
2013-04-28,El cuaderno de barro,Isaki Lacuesta,2011,
2013-04-30,Los pasos dobles,Isaki Lacuesta,2011,
2013-05-01,Blancanieves,Pablo Berger,2012,
2013-05-03,Léolo,Jean-Claude Lauzon,1992,4
2013-05-04,La espalda del mundo,Javier Corcuera,2000,
2013-05-06,Un tal Eusebi,Iban del Campo,2003,4
2013-05-07,El taxista ful,Jo Sol,2006,4
2013-05-10,Drive,Nicolas Winding Refn,2011,
2013-05-11,La pesadilla de Darwin,Hubert Sauper,2004,
2013-05-12,Una verdad incómoda,Davis Guggenheim,2006,
2013-05-17,Familystrip,Luis Miñarro,2009,
2013-05-19,La casa de mi abuela,Adán Aliaga,2005,
2013-05-24,Amour,Michael Haneke,2012,5
2013-05-25,Woody Allen: A Documentary,Robert B. Weide,2012,
2013-05-26,Saló o los 120 días de Sodoma,Pier Paolo Pasolini,1975,
2013-05-31,Searching for Sugar Man,Malik Bendjelloul,2012,
2013-06-14,El bosque del luto,Naomi Kawase,2007,
2013-06-16,Honor de cavalleria,Albert Serra,2006,4
2013-06-24,En la ciudad de Sylvia,José Luis Guerin,2007,4
2013-06-28,Fake Orgasm,Jo Sol,2010,
2013-06-29,La soledad,Jaime Rosales,2007,
2013-06-30,Gazta zati bat,Jon Maia,2012,
2013-07-05,Close Up,Abbas Kiarostami,1990,
2013-07-07,"Aguirre, la cólera de Dios",Werner Herzog,1972,
2013-07-12,Play Time,Jacques Tati,1967,
2013-07-24,Finisterrae,Sergio Caballero,2010,
2013-08-03,Boudu salvado de las aguas,Jean Renoir,1932,4
2013-08-04,Banda aparte,Jean Luc Godard,1964,
2013-08-07,Cómo cocinar tu vida,Doris Dörrie,2007,
2013-08-09,Las amistades peligrosas,Stephen Frears,1988,
2013-08-11,Man on Wire,James Marsh,2008,
2013-08-12,Blow-Up,Michelangelo Antonioni,1966,
2013-08-13,The General,Buster Keaton,1926,
2013-08-16,La noche americana,François Truffaut,1973,
2013-08-17,Luna de Avellaneda,Juan José Campanella,2004,
2013-08-18,Dolls,Takeshi Kitano,2002,
2013-08-22,Al este del edén,Elia Kazan,1955,
2013-08-23,Your Sister´s Sister,Lynn Shelton,2011,
2013-08-24,Concursante,Rodrigo Cortés,2007,
2013-08-25,Shadows,John Cassavetes,1959,
2013-08-26,El sabor de la sandía,Tsai Ming-liang,2005,
2013-08-27,Johnny cogió su fusil,Dalton Trumbo,1971,
2013-08-28,Buried,Rodrigo Cortés,2010,
2013-08-29,Extraños en el paraíso,Jim Jarmusch,1984,
2013-08-30,Annie Leibovitz,Barbara Leibovitz,2006,
2013-08-31,The Turin Horse,Bela Tarr,2011,
2013-09-07,Los mundos sutiles,Eduardo Chapero Jackson,2015,
2013-09-07,Moon,Duncan Jones,2009,
2013-09-08,La maleta mexicana,Trisha Ziff,2011,4
2013-09-14,Las tortugas también vuelan,Bahman Ghobadi,2004,
2013-09-20,Habemus Papam,Nanni Moretti,2011,
2013-09-21,Jules y Jim,François Truffaut,1962,
2013-09-22,La sombra del iceberg,Hugo Domenech,2007,
2013-09-27,Cinco metros cuadrados,Max Lemcke,2011,
2013-09-28,Coffee and Cigarettes,Jim Jarmusch,2003,
2013-09-29,Esto no es una película,Jafar Panahi,2011,
2013-10-04,Las nieves del Kilimanjaro,Robert Guediguian,2011,
2013-10-05,Los intocables,Brian de Palma,1986,
2013-10-11,Proyecto Nim,James Marsh,2011,
2013-10-12,REC,Jaume Balagueró,2007,
2013-10-13,Down By Law,Jim Jarmusch,1986,
2013-10-19,La vida de Pi,Ang Lee,2012,
2013-10-25,Night on Earth,Jim Jarmusch,1991,
2013-10-26,El globo blanco,Jafar Panahi,1995,
2013-10-27,El sabor de las cerezas,Abbas Kiarostami,1997,
2013-10-31,Arrugas,Ignacio Ferreras,2011,
2013-11-01,Macbeth,Orson Welles,1948,
2013-11-02,Persona,Ingmar Bergman,1966,4
2013-11-03,Capturing the Friedmans,Andrew Jarecki,2003,4
2013-11-09,La morte rouge,Víctor Erice,2006,
2013-11-10,Monos como Becky,Joaquim Jordá,1999,
2013-11-15,La nana,Sebastián Silva,2009,
2013-11-16,El curioso caso de Benjamin Button,David Fincher,2008,
2013-11-17,"Comer, beber, amar",Ang Lee,1994,
2013-11-22,La doctrina del shock,Michael Winterbottom,2009,
2013-11-23,La ceremonia,Claude Chabrol,1995,
2013-11-30,La colmena,Mario Camus,1982,
2013-12-01,Hamlet,Laurence Olivier,1948,
2013-12-13,La casa de Bernarda Alba,Mario Camus,1987,
2013-12-14,La duda,John Patrick Shanley,2008,
2013-12-26,De óxido y hueso,Jacques Audiard,2012,
2013-12-27,El molino y la cruz,Lech Majewski,2011,
2013-12-29,Tyrannosaur,Paddy Considine,2011,
2013-12-30,"Primavera, Verano, Otoño, Invierno",Kim Ki-duk,2003,
2014-01-03,Una película hablada,Manoel de Oliveira,2003,
2014-01-04,Azul,Krzysztof Kieslowski,1993,
2014-01-05,Nosferatu,Friedrich W. Murnau,1922,
2014-01-10,El símbolo y el cuate,Francesc Relea,2013,
2014-01-11,Violeta se fue a los cielos,Andrés Wood,2011,
2014-01-12,Contraté a un asesino a sueldo,Aki Kaurismäki,1990,
2014-01-17,La chica de la fábrica de cerillas,Aki Kaurismäki,1990,
2014-01-18,No amarás,Krzysztof Kieslowski,1988,
2014-01-24,La vida útil,Federico Veiroj,2010,
2014-01-25,Blanco,Krzysztof Kieslowski,1994,
2014-01-31,La vida de Adèle,Abdellatif Kechiche,2013,5
2014-02-01,Rojo,Krzysztof Kieslowski,1994,
2014-02-07,Yi Yi,Edward Yang,2000,
2014-02-08,La escurridiza,Abdellatif Kechiche,2003,
2014-02-09,Latcho Drom,Tony Gatlif,1993,
2014-02-14,Gente en sitios,Juan Cavestany,2013,4
2014-02-15,La espigadora,Agnes Varda,2000,4
2014-02-28,Madeinusa,Claudia Llosa,2006,
2014-03-01,Los paraguas de Cherburgo,Jacques Demy,1964,
2014-03-14,La gran belleza,Paolo Sorrentino,2013,4
2014-03-15,Stories We Tell,Sarah Polley,2013,
2014-03-21,La jaula de oro,Diego Quemada-Díez,2013,4
2014-03-22,Crepúsculo en Tokio,Yasujiro Ozu,1957,
2014-03-30,Fuego en el cuerpo,Lawrence Kasdan,1981,
2014-04-05,La caza,Thomas Vinteberg,2012,4
2014-04-06,Hoy empieza todo,Bertrand Tavernier,1999,
2014-04-12,Un hombre sin pasado,Aki Kaurismäki,2002,
2014-04-13,Bertsolari,Asier Altuna,2011,
2014-04-20,Primavera tardía,Yasujiro Ozu,1949,4
2014-04-21,"He nacido, pero",Yasujiro Ozu,1932,
2014-04-25,El último Elvis,Armando Bo,2012,
2014-04-26,Otoño tardío,Yasujiro Ozu,1960,
2014-04-27,La hierba errante,Yasujiro Ozu,1959,
2014-04-30,"Almanya, bienvenido a Alemania",Yasemin Samdereli,2011,
2014-05-01,Guest,José Luis Guerin,2011,
2014-05-09,La mujer sin piano,Javier Rebollo,2009,
2014-05-16,Stockholm,Rodrigo Sorogoyen,2013,
2014-05-18,Días de pesca,Carlos Sorin,2012,
2014-05-24,Mud,Jeff Nichols,2012,
2014-05-25,La ventana,Carlos Sorin,2008,
2014-05-26,Page One. The New York Times,Andrew Rossi,2011,
2014-05-30,Opera Prima,Fernando Trueba,1980,
2014-05-31,Stella,Sylvie Verheyde,2008,
2014-06-01,El lado oscuro del corazón,Eliseo Subiela,1992,
2014-06-13,Ayurveda,Pan Nalin,2001,
2014-06-14,I am,Tom Shadyac,2010,
2014-06-20,La plaga,Neus Ballús,2012,
2014-06-24,Arraianos,Eloy Enciso,2012,
2014-06-28,Gravity,Alfonso Cuarón,2013,
2014-07-06,En la casa,François Ozon,2012,
2014-07-11,La herida,Fernando Franco,2013,
2014-07-12,Las malas hierbas,Alain Resnais,2009,
2014-07-18,El tren de la memoria,Marta Arribas,2005,
2014-07-25,Rebecca,Alfred Hitchcock,1940,
2014-07-26,Shortbus,John Cameron Mitchell,2006,
2014-07-30,Extraños en un tren,Alfred Hitchcock,1951,
2014-08-02,Alguien voló sobre el nido del cuco,Milos Forman,1975,5
2014-08-04,Solo ante el peligro,Fred Zinnemann,1952,5
2014-08-07,All About Eve,Joseph L. Mankiewicz,1950,
2014-08-12,Casablanca,Michael Curtiz,1942,
2014-08-14,Ciudadano Kane,Orson Welles,1941,
2014-08-22,El disputado voto del señor Cayo,Antonio Giménez-Rico,1986,
2014-08-23,La mitad del cielo,Manuel Gutiérrez Aragón,1986,
2014-08-29,El hombre tranquilo,John Ford,1952,5
2014-09-05,Una familia de Tokio,Yoji Yamada,2013,
2014-09-06,Innisfree,José Luis Guerin,1990,
2014-09-07,Tren de sombras,José Luis Guerin,1997,
2014-09-14,Ida,Pawel Pawlikowski,2013,
2014-09-20,Tiempo de revancha,Adolfo Aristarain,1981,
2014-09-26,Her,Spike Jonze,2013,
2014-09-28,El genio de Darwin: Las claves de la evolución,Richard Dawkins,2008,
2014-10-14,Omar,Hany Abu-Assad,2013,
2014-10-25,Cinema Paradiso,Giuseppe Tornatore,1988,
2014-10-31,El artista y la modelo,Fernando Trueba,2012,
2014-11-01,Bestias del sur salvaje,Benh Zeitlin,2012,
2014-11-07,Kramer contra Kramer,Robert Benton,1979,
2014-11-09,Amor bajo el espino blanco,Zhang Yimou,2010,
2014-11-10,Loreak,José Mari Goenaga,2014,
2014-11-11,Ocho apellidos vascos,Emilio Martínez-Lázaro,2014,
2014-11-14,Las brujas de Zugarramurdi,Alex De La Iglesia,2013,
2014-11-28,Fish Tank,Andrea Arnold,2009,
2014-11-29,Hannah Arendt,Margarethe von Trotta,2012,
2014-11-30,La bicicleta verde,Haifaa Al-Mansour,2012,
2014-12-05,Sólo un beso (Ae Fond Kiss),Ken Loach,2004,5
2014-12-06,Esa pareja feliz,Luis G. Berlanga,1953,
2014-12-07,Asier eta biok,Aitor Merino,2014,
2014-12-11,Some Like It Hot,Billy Wilder,1959,
2014-12-13,El último beso,Gabriele Muccino,2001,
2014-12-14,Dancing Dreams,Rainer Hoffman,2010,
2014-12-19,Flor del desierto,Sherry Hormann,2009,
2014-12-20,Caos calmo,Antonello Grimaldi,2008,
2014-12-21,Iluminados por el fuego,Tristán Bauer,2005,
2014-12-26,Buscando a Eric,Ken Loach,2009,4
2014-12-28,Cuadernos de contabilidad de Manolo Millares,Juan Millares,2006,
2015-01-02,La parte de los ángeles,Ken Loach,2012,
2015-01-05,The Act of Killing,Joshua Oppenheimer,2012,
2015-01-09,El gran hotel Budapest,Wes Anderson,2014,
2015-01-16,Sud Express,Chema de la Peña,2006,
2015-01-23,Interstellar,Christopher Nolan,2014,
2015-01-24,Lourdes,Jessica Hausner,2009,4
2015-01-25,Ciutat morta,Xavier Artigas,2013,
2015-01-30,Le père de mes enfants,Mia Hansen-Love,2009,
2015-01-31,Exils,Tony Gatlif,2004,
2015-02-06,Garage,Lenny Abrahamson,2007,
2015-02-07,La pesca del salmón en Yemen,Lasse Hallstrom,2011,
2015-02-08,Naufragio,Pedro Aguilera,2011,
2015-02-13,Magical Girl,Carlos Vermut,2014,
2015-02-21,Carmina y amén,Paco León,2014,
2015-02-27,La sal de la tierra,Wim Wenders,2014,
2015-02-28,En un mundo mejor,Susanne Bier,2010,4
2015-03-01,Mujeres en el Cairo,Yousry Nasrallah,2009,
2015-03-06,Tapas,José Corbacho,2005,
2015-03-07,"Urte berri on, amona!",Telmo Esnal,2011,
2015-03-09,Carmina o revienta,Paco León,2012,
2015-03-15,Confidencias muy íntimas,Patrice Leconte,2004,
2015-03-20,"Dos días, una noche",Jean-Pierre Dardenne,2014,4
2015-04-02,Chicago Cab,Mary Cybulski,1998,
2015-04-05,La dama de hierro,Phyllida Lloyd,2011,
2015-04-17,Pride,Matthew Warchus,2014,
2015-04-24,Whiplash,Damien Chazelle,2014,
2015-05-16,Lejos del cielo,Todd Haynes,2002,
2015-05-23,La isla mínima,Alberto Rodriguez,2014,
2015-05-29,Touch of Sin,Jia Zhang Ke,2013,
2015-06-05,Juntos,Lukas Moodysson,2000,
2015-06-19,Butch Cassidy And The Sundance Kid,George Roy Hill,1969,5
2015-06-20,Séraphine,Martin Provost,2009,
2015-06-27,Birdman,Alejandro G. Iñarritu,2014,
2015-07-04,La sal de este mar,Annemarie Jacir,2008,
2015-07-05,El impostor,Bart Layton,2012,
2015-08-13,Orfeo Negro,Marcel Camus,1959,
2015-09-05,Jiro Dreams of Sushi,David Gelb,2012,
2015-09-25,Lo que hacemos en las sombras,Jemaine Clement,2014,
2015-10-02,Boyhood,Richard Linklater,2014,4
2015-10-03,Lugares comunes,Adolfo Aristarain,2002,5
2015-10-16,Milk,Noemí Weis,2015,
2015-10-17,Persepolis,Vincent Paronnaud,2007,
2015-10-23,Una segunda madre,Anna Muylaert,2015,4
2015-11-27,Mandarinas,Zaza Urushadze,2013,4
2015-12-11,Los caballos de dios,Nabil Ayouch,2012,
2015-12-24,Adaptation (El ladrón de orquídeas),Spike Jonze,2002,
2015-12-25,Un hombre soltero,Tom Ford,2009,
2015-12-26,Winter Sleep,Nuri Bilge Ceylan,2014,
2015-12-30,Sensitive. The Untold Story,Will Harper,2015,4
2016-01-06,El abuelo,José Luis Garci,1998,
2016-01-07,Underground,Emir Kusturica,1995,
2016-01-08,El cielo sobre Berlín,Wim Wenders,1987,
2016-01-20,Bienvenidos al norte,Dany Boon,2008,
2016-01-29,Un día perfecto,Fernando León De Aranoa,2015,
2016-01-30,Clerks,Kevin Smith,1994,
2016-02-01,Vivir es fácil con los ojos cerrados,David Trueba,2013,4
2016-02-06,Los falsificadores,Stefan Ruzowitzky,2008,5
2016-02-12,La academia de las musas,José Luis Guerin,2015,5
2016-02-12,Una pastelería en Tokio,Naomi Kawase,2015,4
2016-02-21,Los descendientes,Alexander Payne,2012,
2016-02-26,Taxi Teheran,Jafar Panahi,2015,
2016-02-27,7 días en La Habana,Laurent Cantet,2012,
2016-03-04,Cookie´s Fortune,Robert Altman,1999,
2016-03-05,Gomorra,Mateo Garrone,2008,
2016-03-11,Paulina,Santiago Mitre,2015,5
2016-03-14,Spotlight,Thomas Mccarthy,2015,4
2016-03-18,Sicario,Denis Villeneuve,2015,
2016-03-19,La soledad del corredor de fondo,Tony Richardson,1962,
2016-03-20,La novia,Paula Ortiz,2015,
2016-03-25,Mother,Bong Joon-ho,2009,
2016-04-08,El club,Pablo Larrain,2015,
2016-04-10,Siempre Alice,Richard Glatzer,2014,
2016-04-15,A cambio de nada,Daniel Guzmán,2015,
2016-04-16,12 años de esclavitud,Steve Mcqueen,2013,
2016-04-22,Dheepan,Jacques Audiard,2015,
2016-04-23,The Imitation Game,Morten Tyldum,2014,
2016-04-29,La red social,David Fincher,2010,
2016-04-30,Samaritan Girl,Kim Ki-duk,2004,
2016-05-13,Carol,Todd Haynes,2015,
2016-05-27,Me and Earl and the Dying Girl,Alfonso Gómez-Rejón,2015,
2016-06-06,El olivo,Iciar Bollaín,2016,
2016-06-10,El hijo de Saúl,Laszlo Nemes,2015,
2016-06-24,Truman,Cesc Gay,2015,4
2016-06-25,B (Bárcenas),David Ilundain,2015,4
2016-06-26,Nadie quiere la noche,Isabel Coixet,2015,
2016-07-01,Amama,Asier Altuna,2015,4
2016-07-24,Born to be Blue,Robert Budreau,2015,4
2016-07-22,Return to Homs,Talal Derki,2013,
2016-07-24,Breakfast at Tiffany´s,Blake Edwards,1961,
2016-07-26,Difret,Zeresenay Mehary,2014,
2016-07-28,Miles Ahead,Don Cheadle,2016,
2016-08-07,"Amy, la chica detrás del nombre",Asif Kapadia,2015,
2016-09-03,Citizenfour,Laura Poitras,2014,
2016-09-25,El viento se levanta,Hayao Miyazaki,2013,
2016-09-30,Corazón gigante,Dagur Kari,2015,4
2016-10-07,El abrazo partido,Daniel Burman,2004,
2016-10-08,Leviatán,Andrey Zvyagintsev,2014,
2016-10-09,En tierra hostil,Kathryn Bigelow,2008,
2016-10-11,Un lugar donde quedarse,Sam Mendes,2009,
2016-10-12,María Estuardo,John Ford,1936,
2016-10-14,Theeb (Lobo),Naji Abu Nowar,2014,
2016-10-15,Astral,Jordi Évole,2016,
2016-10-28,45 años,Andrew Haigh,2015,5
2016-11-25,Les Cowboys,Thomas Bidegain,2015,4
2016-11-27,A Quiet Passion,Terence Davies,2016,4
2016-12-03,Requisitos para ser una persona normal,Leticia Dolera,2015,
2016-12-09,Mejor imposible,James L. Brooks,1997,
2016-12-16,Nuestra hermana pequeña,Hirokazu Kore-Eda,2015,
2016-12-18,The Remains of the Day,James Ivory,1993,
2016-12-25,The Quiet American,Philip Noyce,2002,4
2016-12-30,My Beautiful Laundrette,Stephen Frears,1985,
2017-02-05,Little Buddha,Bernardo Bertolucci,1993,
2017-02-10,Tarde para la ira,Raúl Arévalo,2016,
2017-02-17,El viaje de Chihiro,Hayao Miyazaki,2001,
2017-02-24,"I, Daniel Blake",Ken Loach,2016,
2017-03-17,La estación de las mujeres,Leena Yadav,2015,
2017-03-26,La La Land,Damien Chazelle,2016,5
2017-03-17,Cuando tienes 17 años,André Téchiné,2016,
2017-04-01,La vida de Calabacín,Claude Barras,2016,
2017-04-07,La chica danesa,Tom Hooper,2015,
2017-04-09,Regreso a Ítaca,Laurent Cantet,2014,
2017-04-13,El loco del pelo rojo,Vincente Minnelli,1956,
2017-04-16,La fuerza del cariño,James L. Brooks,1983,
2017-04-21,Neruda,Pablo Larrain,2016,
2017-04-28,Elle,Paul Verhoeven,2016,
2017-04-30,Negación,Mick Jackson,2016,
2017-05-01,El abrazo de la serpiente,Ciro Guerra,2016,
2017-05-05,La fiesta de despedida,Sharon Maymon,2014,
2017-05-06,Lady Macbeth,William Oldroyd,2016,
2017-05-19,Mademoiselle,Park Chan-Wook,2016,
2017-05-20,Mr. Kaplan,Álvaro Brechner,2014,
2017-06-02,Las vidas de Grace (Short Term 12),Destin Cretton,2013,
2017-06-03,Big,Penny Marshall,1988,
2017-06-11,Marie Curie,Marie-Noëlle Sehr,2016,
2017-07-24,El ciudadano ilustre,Gastón Duprat,2016,4
2017-07-25,Relatos salvajes,Damián Szifrón,2014,
2017-07-28,Mommy,Xavier Dolan,2014,
2017-07-30,La mejor oferta,Giuseppe Tornatore,2013,
2017-07-31,Timbuktu,Abderrahmane Sissako,2014,
2017-08-04,Gigante,Adrian Biniez,2009,
2017-08-06,The Trip,Michael Winterbottom,2010,
2017-08-08,Los caballeros blancos,Joachim Lafosse,2015,
2017-08-10,Anomalisa,Charlie Kaufman,2015,
2017-08-12,Gandhi,Richard Attenborough,1982,
2017-08-13,Con la pata quebrada,Diego Galán,2013,
2017-08-14,Sparrows,Runar Runarsson,2015,4
2017-08-16,"Taro, el eco de César Manrique",Miguel G. Morales,2012,
2017-08-17,Marina Abramovich,Matthew Akers,2013,
2017-08-19,Mapa,Elías León Siminiani,2012,
2017-08-20,Lisboa Story,Wim Wenders,1994,
2017-08-25,InnSaei,Kristin Olafsdottir,2016,
2017-08-27,Mystery Train,Jim Jarmusch,1989,
2017-08-29,Frágil equilibrio,Guillermo García López,2016,
2017-08-30,Los amantes del Pont Neuf,Leox Carax,1991,
2017-09-15,Inside Out,Pete Docter,2015,
2017-09-29,Verano de 1993,Carla Simón,2017,4
2017-10-06,Paterson,Jim Jarmusch,2016,5
2017-10-07,Manchester by the sea,Kenneth Lonergan,2016,
2017-10-08,La chica desconocida,Jean-Pierre Dardenne,2016,
2017-10-21,Handia,Jon Garaño,2017,
2017-10-27,El viajante,Asghar Farhadi,2017,
2017-11-10,Rosalie Blum,Julien Rappeneau,2015,
2017-11-11,Life Aquatic,Wes Anderson,2005,
2017-11-17,La llegada,Denis Villeneuve,2016,
2017-11-18,Mustang,Deniz G. Ergüven,2015,
2017-11-24,El otro lado de la esperanza,Aki Kaurismäki,2017,
2017-11-25,Rams,Grímur Hakonarson,2015,
2017-12-02,The Lobster,Giorgo Lanthimos,2015,
2017-12-03,David Lynch: The Art Life,Jon Nguyen,2017,
2017-12-08,Fuego en el mar,Gianfranco Rosi,2016,
2017-12-09,Tribunal,Chaitanya Tamhane,2014,4
2017-12-15,Loving,Jeff Nichols,2016,
2017-12-16,Eden,Mia Hansen-Love,2014,5
2017-12-22,La invitación,Karyn Kusama,2015,5
2017-12-23,El hombre de las mil caras,Alberto Rodriguez,2016,
2017-12-28,Jackie,Pablo Larrain,2016,
2017-12-30,Pelo malo,Mariana Rondón,2013,
2018-01-02,Captain Fantastic,Matt Ross,2016,
2018-01-04,"Right Now, Wrong Then",Sang-soo Hong,2015,5
2018-01-06,Yourself and Yours,Sang-soo Hong,2016,5
2018-01-07,Renoir,Gilles Bourdos,2012,
2018-01-08,La librería,Isabel Coixet,2017,
2018-01-12,In Another Country,Sang-soo Hong,2012,
2018-01-13,Victoria,Sebastian Schipper,2015,
2018-01-15,Perfectos desconocidos,Alex De La Iglesia,2017,
2018-01-16,I Am Not Your Negro,Raoul Peck,2017,
2018-01-19,Dunkerque,Christopher Nolan,2017,
2018-01-20,El estudiante,Santiago Mitre,2011,
2018-01-21,Princesa,Lee Su-jin,2013,
2018-01-26,Un minuto de gloria,Kristina Gorzeva,2016,
2018-01-28,Irrational Man,Woody Allen,2015,
2018-02-01,No Direction Home,Martin Scorsese,2005,
2018-02-03,La camarera Lynn,Ingo Haeb,2014,
2018-02-04,Blue Jasmine,Woody Allen,2013,
2018-02-09,El autor,Manuel Martín Cuenca,2017,5
2018-02-10,El porvenir,Mia Hansen-Love,2016,4
2018-02-11,La tortuga roja,Michael Dudok De Wit,2016,
2018-02-16,Tres anuncios en las afueras,Martin Mcdonagh,2017,
2018-02-23,El sacrificio de un ciervo sagrado,Giorgo Lanthimos,2017,
2018-02-24,80 egunean,Jon Garaño,2010,
2018-02-25,Personal Shopper,Olivier Assayas,2016,
2018-03-01,Últimos días en el desierto,Rodrigo García,2016,
2018-03-03,Jack Goes Boating,Philip Seymour Hoffman,2010,
2018-03-05,Errementari,Paul Urquijo,2017,
2018-03-09,El seductor,Sofia Coppola,2017,
2018-03-12,La profesora de parvulario,Nadav Lapid,2014,
2018-03-16,El cartero de las noches blancas,Andrei Konchalovsky,2014,
2018-03-18,La forma del agua,Guillermo del Toro,2018,
2018-03-23,The Square,Ruben Östlund,2017,5
2018-03-25,Un tipo serio,Coen,2009,
2018-03-29,Air Doll,Hirokazu Kore-Eda,2009,
2018-04-06,Fuerza mayor,Ruben Östlund,2014,5
2018-04-13,Alanis,Anahí Berneri,2017,
2018-04-14,Recuerdos del ayer,Isao Takahata,1991,
2018-04-15,El secreto de Esma,Jasmila Zbanic,2006,
2018-04-22,El amante doble,François Ozon,2017,
2018-04-28,Wakolda,Lucía Puenzo,2013,
2018-04-29,La segunda mujer,Umut Dag,2012,
2018-05-01,The Lady in the Van,Nicholas Hytner,2015,
2018-05-05,Locke,Steven Knight,2013,
2018-05-07,Campeones,Javier Fesser,2018,
2018-05-18,120 latidos por minuto,Robin Campillo,2017,
2018-05-19,Siempre feliz,Anne Sewitsky,2010,4
2018-05-20,Hacia la luz,Naomi Kawase,2017,
2018-05-25,El insulto,Ziad Doueiri,2017,
2018-05-27,"De tal padre, tal hijo",Hirokazu Kore-Eda,2013,
2018-06-02,"En realidad, nunca estuviste aquí",Lynne Ramsay,2018,
2018-06-05,El bar,Alex De La Iglesia,2017,
2018-06-08,"Oslo, 31 de agosto",Joachim Trier,2011,5
2018-06-29,El amor es más fuerte que las bombas,Joachim Trier,2015,
2018-06-30,The Disaster Artist,James Franco,2017,4
2018-07-01,En la playa sola de noche,Sang-soo Hong,2017,
2018-07-28,A cielo abierto,Mariana Otero,2014,
2018-07-29,Después de la tormenta,Hirokazu Kore-Eda,2016,
2018-07-31,Calvary,John Michael Mcdonagh,2014,
2018-08-10,Kedi (Gatos de Estambul),Ceyda Torun,2016,
2018-08-14,Into the Wild,Sean Penn,2007,
2018-08-19,El tercer asesinato,Hirokazu Kore-Eda,2017,
2018-08-24,The Way,Emilio Estévez,2010,
2018-10-13,Tres en el Camino,Laurence Boulting,2004,
2018-10-19,El hilo invisible,Paul Thomas Anderson,2017,5
2018-10-26,Custodia compartida,Xavier Legrand,2017,
2018-10-27,El festín de Babette,Gabriel Axel,1987,4
2018-10-28,Ficción,Cesc Gay,2006,
2018-10-31,Five days to dance,Rafa Molés,2014,
2018-11-01,Que dios nos perdone,Rodrigo Sorogoyen,2016,
2018-11-09,Lucky,John Carroll Lynch,2017,
2018-11-10,The Florida Project,Sean Baker,2017,
2018-11-11,Call Me By Your Name,Luca Guadagnino,2017,
2018-11-16,Thelma,Joachim Trier,2017,4
2018-11-17,Tomboy,Céline Sciamma,2011,4
2018-11-23,"Visages, villages",Agnès Varda,2017,5
2018-11-24,El taller de escritura,Laurent Cantet,2017,
2018-11-25,La chica dormida,Rosemary Myers,2015,
2018-11-30,Declaración de guerra,Valérie Donzelli,2011,
2018-12-01,Tenemos de hablar de Kevin,Lynne Ramsay,2011,
2018-12-02,Amante por un día,Philippe Garrel,2017,
2018-12-06,Heartstone,Arnar Guomundsson,2016,
2018-12-08,Mr. Turner,Mike Leigh,2014,
2018-12-09,Alma mater,Philippe van Leeuw,2017,
2018-12-14,Western,Valesa Grisebach,2017,
2018-12-15,Un día de furia,Joel Schumacher,1993,
2018-12-16,La cámara de Claire,Sang-soo Hong,2018,
2018-12-19,Una receta familiar,Eric Khoo,2018,
2018-12-28,The Leisure Seeker,Paolo Virzi,2017,
2018-12-29,Happy End,Michael Haneke,2017,
2018-12-30,Francofonia,Alexandr Sokurov,2015,
2019-01-01,Hermosa juventud,Jaime Rosales,2014,
2019-01-04,Petra,Jaime Rosales,2018,
2019-01-05,Mapa de los sonidos de Tokio,Isabel Coixet,2009,
2019-01-12,Comanchería,David Mackenzie,2016,
2019-01-18,Dolphin Man,Lefteris Charitos,2017,
2019-01-19,Isla de perros,Wes Anderson,2018,
2019-01-20,Lolo Rico: la mirada no inventada,Julio Suárez,2015,
2019-01-25,El reino,Rodrigo Sorogoyen,2018,4
2019-01-26,Goodbye Berlin (Tschick),Fatih Akin,2016,
2019-01-27,La ley del mercado,Stéphane Brizé,2015,5
2019-01-31,Un día más con vida,Raúl de la Fuente,2018,
2019-02-01,The End of the Tour,James Ponsoldt,2015,
2019-02-03,Paradiso,Omar A. Razzak,2014,
2019-02-08,The Party,Sally Potter,2017,
2019-02-09,Lady Bird,Greta Gerwig,2017,
2019-02-10,Deux Cancres,Ludovic Vieuille,2017,
2019-02-15,Cold War,Pawel Pawlikowski,2018,
2019-02-16,Ganar al viento,Anne-Dauphine Julliand,2016,
2019-02-17,El camino más largo para volver a casa,Sergi Pérez,2015,
2019-02-22,Un asunto de familia,Hirokazu Kore-Eda,2018,
2019-02-24,Frank,Lenny Abrahamson,2014,
2019-02-28,Jainkoak ez dit barkatzen,Josu Martínez,2018,
2019-03-02,Lean On Pete,Andrew Haigh,2017,
2019-03-08,Viaje al cuarto de una madre,Celia Rico,2018,4
2019-03-09,Las normas de la casa de la sidra,Lasse Hallström,1999,
2019-03-10,Aquí y allá,Antonio Méndez Esparza,2012,
2019-03-17,Pelle el conquistador,Bille August,1987,
2019-03-22,The Rider,Chloé Zhao,2017,
2019-03-29,Bienvenida a Montparnasse,Léonor Serraille,2017,
2019-04-04,Mudar la piel,Ana Schulz,2018,
2019-04-05,La isla de los monjes,Anne Christine Girardot,2017,4
2019-04-06,María (y los demás),Nely Reguera,2016,
2019-04-18,No estoy hecho para ser amado,Stéphane Brizé,2005,
2019-04-26,Lázaro feliz,Alice Rohrwacher,2018,
2019-05-06,Dolor y gloria,Pedro Almodóvar,2019,
2019-05-24,Girl,Lukas Dhont,2018,5
2019-05-25,Futuro perfecto,Nele Wohlatz,2016,
2019-05-26,Lyubov: Love in Russian,Julen Staffan,2017,4
2019-06-01,Los hermanos Sisters,Jacques Audiard,2018,
2019-06-21,Carmen y Lola,Arantxa Echevarría,2018,
2019-06-22,Toy Story 4,Josh Cooley,2019,
2019-06-29,Oreina,Koldo Almandoz,2018,
2019-06-30,Entre dos aguas,Isaki Lacuesta,2018,4
2019-07-05,Tres caras,Jafar Panahi,2018,
2019-07-06,Dogman,Matteo Garrone,2018,
2019-07-14,Of Fathers and Sons,Talal Derki,2017,
2019-07-20,Mi obra maestra,Gastón Duprat,2018,
2019-07-21,Las distancias,Elena Trapé,2018,
2019-07-24,El león duerme esta noche,Nobuhiro Suwa,2018,
2019-07-27,La novia del desierto,Cecilia Atán,2017,
2019-08-09,Tully,Jason Reitman,2018,
2019-08-16,Revolutionary Road,Sam Mendes,2008,
2019-09-06,Orlando,Sally Potter,1993,4
2019-09-14,El cuento de las comadrejas,Juan José Campanella,2019,
2019-09-14,La lección,Kristina Grozeva,2014,
2019-09-27,Los días que vendrán,Carlos Marques,2019,
2019-10-11,Cafarnaum,Nadine Labaki,2019,
2019-10-13,Mientras dure la guerra,Alejandro Amenábar,2019,
2019-10-20,The Breadwinner,Nora Twomey,2017,
2019-10-25,Las herederas,Marcelo Martinessi,2018,
2019-11-04,La trinchera infinita,Jon Garaño,2019,
201911-10,Joker,Todd Phillips,2019,
2019-11-15,La última lección,Sébastien Marnier,2018,
2019-11-22,Pájaros de verano,Cristina Gallego,2018,
2019-11-29,La caída del imperio americano,Denys Arcand,2019,
2019-11-30,"Muchos hijos, un mono y un castillo",Gustavo Salmerón,2017,
2019-12-01,Varda por Agnès,Agnès Varda,2019,
2019-12-07,Rebeca,Alfred Hitchcock,1940,
2019-12-13,Bar Bahar,Maysaloun Hamoud,2016,
2019-12-14,Locas de alegría,Paolo Virzi,2016,
2019-12-20,El irlandés,Martin Scorsese,2019,5
2019-12-21,Border,Ali Abbasi,2018,
2019-12-25,En busca del Óscar,Octavio Guerra,2018,4
2020-01-01,Trinta lumes,Diana Toucedo,2017,
2020-01-11,El sirviente,Joseph Losey,1963,
2020-01-17,Ventajas de viajar en tren,Aritz Moreno,2019,
2020-01-23,Amazing Grace,Aretha Franklin,2019,
2020:01-26,1917,Sam Mendes,2019,4
2020-01-31,O que arde,Oliver Laxe,2019,
2020-02-01,Cantábrico,Joaquín Gutiérrez Acha,2017,
2020-02-07,Un doctor en la campiña,Thomas Lilti,2016,
2020-02-08,Hipócrates,Thomas Lilti,2014,
2020-02-14,Historia de un matrimonio,Noah Baumbach,2019,
2020-02-15,Memento mori,Richard Zubelzu,2019,
2020-02-20,Notes on Blindness,Pete Middleton,2019,
2020-02-22,La tumba de las luciérnagas,Isao Takahata,2003,
2020-02-23,Hitchcock/Truffaut,Kent Jones,2016,
2020-02-28,Parásitos,Joon-ho Bong,2019,
2020-02-29,Wendy&Lucy,Kelly Reichardt,2008,5
2020-03-01,Old Joy,Kelly Reichardt,2006,5
2020-03-16,El amor menos pensado,Juan Vera,2018,
2020-03-20,Barbara,Christian Petzold,2012,
2020-03-21,Una mujer fantástica,Sebastián Leilo,2017,
2020-03-28,Amerikanuak,Nacho Reig,2010,
2020-04-03,When Tomatoes Met Wagner,Marianna Economou,2019,5
2020-04-04,The Rise of Jordan Peterson,Patricia Marcoccia,2019,
2020-04-11,Enemy,Denis Villeneuve,2013,
2020-04-17,Finding Vivian Maier,John Maloof,2014,4
2020-04-18,El somni,Christophe Farnarier,2008,
2020-04-19,Free Solo,Jimmy Chin,2018,
2020-05-10,Lázaro de Tormes,Fernando Fernán Gómez,2001,
2020-05-15,Diario de una camarera,Luis Buñuel,1964,
2020-05-16,El último verano,Leire Apellaniz,2016,
2020-05-23,El inadaptado,Jens Lien,2006,
2020-05-31,Los viajes de Sullivan,Preston Sturges,1941,
2020-06-06,Nomad,Werner Herzog,2019,4
2020-08-01,Los exámenes,Cristian Mungiu,2016,
2020-09-18,Les Misérables,Ladj Ly,2019,
2020-10-03,Akelarre,Pablo Agüero,2020,
2020-10-09,Retrato de una mujer en llamas,Céline Sciamma,2019,4
2020-10-15,Honeyland,Tamara Kotevska,2019,
2020-10-17,Rifkin’s Festival,Woody Allen,2020,
2020-10-23,Sorry We Missed You,Ken Loach,2019,
2020-10-30,Las niñas,Pilar Palomero,2020,
2020-11-13,"Papicha, sueños de libertad",Mounia Meddour,2019,
2020-11-19,"Hi, AI",Isa Willinger,2019,
2020-11-27,Temblores,Jayro Bustamante,2020,
2020-12-11,Sin señas particulares,Fernanda Valadez,2020,
2020-12-17,Meseta,Juan Palacios,2019,
2021-01-21,Josep,Aurel,2020,
2021-02-19,Deseando amar,Wong Kar-wai,2000,
2021-02-26,Para Sama,Waad Al-Kateab,2019,
2021-03-04,Volver a empezar (Herself),Phyllida Lloyd,2020,
2021-03-20,La Haine (El odio),Mathieu Kassovitz,1995,
2021-03-26,Kajillionaire,Miranda July,2020,
2021-04-05,Nomadland,Chloé Zhao,2020,5
2021-04-15,Una niña,Sébastien Lifshitz,2020,
2021-04-23,Falling,Vigo Mortensen,2020,
2021-05-09,Memories of Murder,Joon-ho Bong,2003,
2021-05-27,Otra ronda (Another Round),Thomas Vinterberg,2020,5
2021-09-24,Maixabel,Iciar Bollaín,2021,
2021-10-22,First Cow,Kelly Reichardt,2019,4
2021-11-04,Zumiriki,Oskar Alegría,2019,4
2021-12-17,La mujer que escapó,Sang-soo Hong,2020,
2022-01-14,Petite Maman,Céline Sciamma,2021,4
2022-01-28,Titane,Julia Ducournau,2021,
2022-02-11,Libertad,Clara Roquet,2021,
2022-02-25,The French Dispatch,Wes Anderson,2021,
2022-03-11,Noche de fuego,Tatiana Huezo,2021,
2022-03-17,Seis días corrientes,Neus Ballús,2021,5
2022-04-08,Drive my car,Ryusuke Hamaguchi,2021,4
2022-04-22,Licorice Pizza,Paul Thomas Anderson,2021,
2022-04-29,Las ilusiones perdidas,Xavier Giannoli,2021,
2022-05-06,El caso Fischer,Edward Zwick,2015,
2022-05-11,La vida secreta de los árboles,Jörg Adolf,2020,
2022-05-14,Alcarrás,Carla Simón,2022,
2022-07-16,Roma,Alfonso Cuarón,2018,
2022-07-17,El buen patrón,Fernando León De Aranoa,2021,
2022-08-13,Intemperie,Benito Zambrano,2019,
2022-08-26,Lucio,José Mari Goenaga,2007,
2022-08-27,¡Lumière! Comienza la aventura,Thierry Fremaux,2016,
2022-08-29,El hijo del acordeonista,Fernando Bernués,2019,
2022-09-03,Hil kanpaiak,Imanol Rayo,2020,
2022-10-14,A Hero,Asghar Farhadi,2021,5
2022-10-28,La peor persona del mundo,Joachim Trier,2021,
2022-11-11,Benediction,Terence Davies,2021,
2022-11-18,El acontecimiento,Audrey Diwan,2021,
2022-11-20,Vasil,Avelina Prat,2022,
2022-11-30,Fire of Love,Sara Dosa,2022,
2022-12-05,As bestas,Rodrigo Sorogoyen,2022,
2022-12-12,Sintiéndolo mucho,Fernando León De Aranoa,2022,
2022-12-16,Vórtex,Gaspar Noé,2021,
2022-12-18,Suro,Mikel Gurrea,2022,
2023-01-14,Minari,Lee Isaac Chung,2020,
2023-01-20,La emperatriz rebelde,Marie Kreutzer,2022,
2023-01-21,En un muelle de Normandía,Emmanuel Carrère,2021,4
2023-01-27,Red Rocket,Sean Baker,2021,4
2023-02-10,"Una noche, un año",Isaki Lacuesta,2022,4
2023-02-17,Mantícora,Carlos Vermut,2022,5
2023-02-19,The Whale,Darren Aronofsky,2022,
2023-02-24,Aftersun,Charlotte Wells,2022,
2023-02-26,Irati,Paul Urkijo,2022,
2023-03-05,El triángulo de la tristeza,Ruben Östlund,2022,
2023-03-10,Cerdita,Carlota Pereda,2022,
2023-03-17,"Everything, Everywhere, all at Once",Daniels,2022,
2023-03-20,Los Fabelman,Steven Spielberg,2022,4
2023-03-24,The Quiet Girl,Colm Bairéad,2022,4
2023-03-27,Almas en pena de Inisherin,Martin McDonagh,2022,4
2023-04-14,El faro,Robert Eggers,2019,
2023-04-16,Destinos,Stephan Komandarev,2017,
2023-04-23,Loli Tormenta,Agustí Villaronga,2023,
2023-05-12,Una bonita mañana,Mia Hansen-Løve,2022,4
2023-05-26,Preparativos para estar juntos…,Lili Horvát,2020,
2023-05-27,Pig,Michael Sarnoski,2021,
2023-07-14,Modelo 77,Alberto Rodriguez,2022,
2023-09-02,Barbie,Greta Gerwig,2023,
2023-10-30,Gracias a Dios,François Ozon,2018,
2023-10-31,Donbass,Serguéi Loznitsa,2018,
2023-11-01,Intocable,Olivier Nakache,2011,
2023-11-04,Coda,Sian Heder,2021,
2023-11-05,Close,Lukas Dhont,2022,4
2023-11-12,La juventud,Paolo Sorrentino,2015,
2023-11-24,Vidas pasadas,Celine Song,2023,4
2023-11-25,Family Romance,Werner Herzog,2019,4
2023-12-08,Ander,Roberto Castón,2009,
2023-12-15,El chico y la garza,Hayao Miyazaki,2023,
2024-01-12,La clase de esgrima,Klaus Härö,2015,
2024-01-14,Anatomía de una caída,Justine Triet,2023,4
2024-01-19,Fallen Leaves,Aki Kaurismäki,2023,4
2024-01-26,Chinas,Arantxa Echevarría,2023,
2024-01-27,Una habitación con vistas,James Ivory,1985,
2024-02-03,Els encantats,Elena Trapé,2023,4
