,title,director,year,stars,tmdb_title,tmdb_id,tmdb_genre,tmdb_lang,tmdb_runtime,tmdb_vote_cnt,tmdb_vote_avg
0,Inland Empire,David Lynch,2006,4.0,Inland Empire,1730,Film,en,180,1007,7.023
1,La vida es un milagro,Emir Kusturica,2004,,Life Is a Miracle,20128,Film,sr,155,163,7.365
2,El arca rusa,Aleksandr Sokurov,2002,5.0,Russian Ark,16646,Film,ru,99,425,7.3
3,Biutiful,Alejandro Glez. Iñárritu,2010,,Biutiful,45958,Film,es,148,1040,7.255
4,Carretera perdida,David Lynch,1997,,Lost Highway,638,Film,en,134,2422,7.6
5,Poesía,Lee Chang-Dong,2010,5.0,Poetry,47909,Film,ko,139,283,7.592
6,There will be blood,Paul Thomas Anderson,2007,,There Will Be Blood,7345,Film,en,158,6205,8.086
7,Zodiac,David Fincher,2007,,Zodiac,1949,Film,en,163,9890,7.521
8,Eternal Sunshine of the Spotless Mind,Michel Gondry,2004,,Eternal Sunshine of the Spotless Mind,38,Film,en,108,14101,8.1
9,Ichi the Killer,Takashi Miike,2001,,Ichi the Killer,9696,Film,ja,129,894,6.994
10,Balada triste de trompeta,Alex De La Iglesia,2010,,The Last Circus,56812,Film,es,106,394,6.681
11,The World,Jia Zhang Ke,2004,,A Home at the End of the World,18923,Film,en,96,149,6.48
12,Demonlover,Olivier Assayas,2002,,Demonlover,24488,Film,fr,121,85,5.6
13,Redacted,Brian de Palma,2007,,Redacted,11600,Film,en,90,160,6.013
14,Still life,Jia Zhang Ke,2006,,Still Life,2346,Film,zh,108,128,7.23
15,Exit through the gift shop ,Banksy,2010,5.0,Exit Through the Gift Shop,39452,Documentary,en,87,833,7.532
16,Collateral,Michael Mann,2004,,Collateral,1538,Film,en,120,5260,7.215
17,Funny Games,Michael Haneke,1997,4.0,Funny Games,10234,Film,de,109,1683,7.328
18,The Wrestler,Darren Aronofsky,2008,,The Wrestler,12163,Film,en,109,3437,7.534
19,La pianista,Michael Haneke,2001,,The Legend of 1900,10376,Film,it,170,2140,8.261
20,The Secret of Kells,Tomm Moore,2009,,The Secret of Kells,26963,Film,en,75,637,7.4
21,El verdugo,Luis G. Berlanga,1963,4.0,The Executioner,4498,Film,es,91,152,7.5
22,Amarcord,Federico Fellini,1973,,Amarcord,7857,Film,it,123,1045,7.915
23,Pa negre,Agustí Villaronga,2010,,Black Bread,57521,Film,ca,108,107,6.7
24,El ángel exterminador,Luis Buñuel,1962,4.0,The Exterminating Angel,29264,Film,es,94,610,7.9
25,Tristana,Luis Buñuel,1970,,Tristana,35838,Film,es,98,230,7.3
26,Arrebato,Iván Zulueta,1979,,Rapture,4494,Film,es,110,72,6.75
27,"They Shoot Horses, Don't They?",Sydney Pollack,1969,,"They Shoot Horses, Don't They?",28145,Film,en,120,288,7.6
28,Testigo de cargo,Billy Wilder,1957,,Witness for the Prosecution,37257,Film,en,116,1277,8.214
29,Solas,Benito Zambrano,1999,,Alone,80713,Film,es,101,44,6.943
30,El Gatopardo,Luchino Visconti,1963,,The Leopard,1040,Film,it,186,744,7.717
31,Qué verde era mi valle,John Ford,1941,,How Green Was My Valley,43266,Film,en,118,361,7.241
32,"Alemania, año cero",Roberto Rossellini,1948,4.0,"Germany, Year Zero",8016,Film,it,72,330,7.7
33,La regla del juego,Jean Renoir,1939,4.0,The Rules of the Game,776,Film,fr,106,534,7.567
34,"El bueno, el feo y el malo",Sergio Leone,1966,,"The Good, the Bad and the Ugly",429,Film,it,161,8062,8.468
35,Canino,Giorgo Lanthimos,2009,4.0,Dogtooth,38810,Film,el,98,2056,7.099
36,Carta de una desconocida,Max Opuls,1948,,Letter from an Unknown Woman,946,Film,en,87,277,7.782
37,Vacaciones en Roma,William Wyler,1953,,Roman Holiday,804,Film,en,119,1895,7.9
38,El día de la marmota,Harold Ramis,1993,,Groundhog Day,137,Film,en,101,7516,7.608
39,Belle de jour,Luis Buñuel,1967,,Belle de Jour,649,Film,fr,101,813,7.402
40,Let´s Get Lost,Bruce Weber,1988,,Let's Get Lost,37640,Documentary,en,120,36,7.042
41,The Man Who Shot Liberty Valance,John Ford,1962,,The Man Who Shot Liberty Valance,11697,Film,en,123,1042,7.8
42,Cuentos de Tokio,Yasujiro Ozu,1953,4.0,Tokyo Story,18148,Film,ja,137,963,8.179
43,Buenos días,Yasujiro Ozu,1959,4.0,Good Morning,28276,Film,ja,94,238,7.708
44,Ordet (La palabra),Carl Theodor Dreyer,1955,5.0,Ordet,48035,Film,da,125,328,7.9
45,Luz silenciosa,Carlos Reygadas,2007,,Silent Light,2012,Film,de,136,104,6.971
46,Gertrud,Carl Theodor Dreyer,1965,,Gertrud,34181,Film,da,119,140,7.2
47,Dies Irae,Carl Theodor Dreyer,1943,5.0,Day of Wrath,41391,Film,da,97,205,8.0
48,Uncle Boonmee que recuerda...,Apitch. Weerasethakul,2010,,Uncle Boonmee Who Can Recall His Past Lives,38368,Film,th,114,334,6.635
49,El intendente Sansho,Kenji Mizoguchi,1954,,Sansho the Bailiff,20532,Film,ja,124,341,8.1
50,Fresa y chocolate,Tomás Gutiérrez Alea,1993,,Strawberry and Chocolate,12527,Film,es,108,75,7.087
51,Simón del desierto,Luis Buñuel,1965,,Simon of the Desert,36265,Film,es,45,204,7.672
52,Stromboli,Roberto Rossellini,1950,,Stromboli,4173,Film,it,107,175,7.0
53,Whisky,Juan Pablo Rebella,2004,,Whisky,36971,Film,es,99,79,6.9
54,Luna nueva (His Girl Friday),Howard Hawks,1940,,His Girl Friday,3085,Film,en,92,760,7.401
55,Rashomon,Akira Kurosawa,1950,,Rashomon,548,Film,ja,88,2032,8.108
56,Primera plana,Billy Wilder,1974,,The Front Page,987,Film,en,105,314,7.288
57,XXY,Lucía Puenzo,2007,,XXY,11148,Film,es,86,270,6.861
58,La historia oficial,Luis Puenzo,1985,4.0,The Official Story,29263,Film,es,112,176,7.531
59,El río,Jean Renoir,1951,5.0,The River,45218,Film,en,99,95,7.263
60,Vivir su vida,Jean Luc Godard,1962,4.0,Vivre Sa Vie,1626,Film,fr,84,589,7.761
61,Breve encuentro,David Lean,1945,,Brief Encounter,851,Film,en,86,561,7.679
62,El sueño eterno,Howard Hawks,1946,,The Big Sleep,910,Film,en,114,957,7.6
63,Cayo Largo,John Huston,1948,,Key Largo,11016,Film,en,100,494,7.475
64,Viaggio in Italia,Roberto Rossellini,1954,5.0,Journey to Italy,2748,Film,it,85,262,7.319
65,"Roma, ciudad abierta",Roberto Rossellini,1945,,"Rome, Open City",307,Film,it,103,816,8.0
66,L'Atlante,Jean Vigo,1934,4.0,,,,,,,
67,La aventura,Michelangelo Antonioni,1960,,Adventures of Joselito and Tom Thumb,102744,Film,es,87,16,5.344
68,Valor de ley,Coen,2010,,True Grit,44264,Film,en,110,5003,7.304
69,Cero en conducta,Jean Vigo,1933,4.0,Zero for Conduct,44494,Film,fr,49,220,6.911
70,Smoke,Wayne Wang,1995,4.0,Smoke,10149,Film,en,112,443,7.203
71,Europa 51,Roberto Rossellini,1952,4.0,Europe '51,41464,Film,it,118,116,7.384
72,Incendies,Denis Villeneuve,2010,,Incendies,46738,Film,fr,131,2440,8.102
73,Las amigas,Michelangelo Antonioni,1955,,Le Amiche,46979,Film,it,104,70,6.761
74,El desierto rojo,Michelangelo Antonioni,1965,,Red Desert,26638,Film,it,117,420,7.388
75,El hombre de al lado,Gastón Duprat,2009,4.0,The Man Next Door,47383,Film,es,103,47,6.5
76,The Woman on the Beach,Jean Renoir,1947,,The Woman on the Beach,37041,Film,en,71,43,6.0
77,A bout de souffle,Jean Luc Godard,1960,,Breathless,269,Film,fr,90,1688,7.556
78,Los inútiles (I vitelloni),Federico Fellini,1953,4.0,I Vitelloni,12548,Film,it,103,637,7.7
79,Il bidone,Federico Fellini,1955,,The Swindle,36102,Film,it,113,178,7.334
80,La strada,Federico Fellini,1954,4.0,La Strada,405,Film,it,115,986,7.934
81,Las noches de Cabiria,Federico Fellini,1957,,Nights of Cabiria,19426,Film,it,110,706,7.984
82,Roma,Federico Fellini,1972,,Roma,11035,Film,it,128,289,7.246
83,El Evangelio según San Mateo,Pier Paolo Pasolini,1964,,The Gospel According to Matthew,24192,Film,it,137,329,7.4
84,Accattone,Pier Paolo Pasolini,1961,,Accattone,12491,Film,it,117,450,7.7
85,Cirkus Columbia,Danis Tanovic,2010,,Cirkus Columbia,63834,Film,bs,107,21,6.7
86,Margarita Gautier,George Cukor,1937,,Camille,43874,Film,en,109,119,7.034
87,The Shop Around the Corner,Ernst Lubitsch,1940,4.0,The Shop Around the Corner,20334,Film,en,99,663,8.2
88,That Uncertain Feeling,Ernst Lubitsch,1941,,That Uncertain Feeling,43799,Film,en,84,44,6.432
89,Ninotchka,Ernst Lubitsch,1939,,Ninotchka,1859,Film,en,110,356,7.5
90,Duel (Diablo sobre ruedas),Steven Spielberg,1971,,Duel,839,Film,en,89,1724,7.428
91,Notorious (Encadenados),Alfred Hitchcock,1946,,Notorious,303,Film,en,103,1477,7.756
92,Angel,Ernst Lubitsch,1937,4.0,Angel,44208,Film,en,91,61,6.803
93,While the City Sleeps,Fritz Lang,1956,,While the City Sleeps,36786,Film,en,100,120,6.9
94,Micmacs,Jean-Pierre Jeunet,2009,,Micmacs,27936,Film,fr,100,548,6.605
95,The Private Life of Sherlock Holmes,Billy Wilder,1970,,The Private Life of Sherlock Holmes,5185,Film,en,125,257,6.839
96,The Life and Death of Colonel Blimp,Michael Powell,1943,,The Life and Death of Colonel Blimp,25037,Film,en,163,224,7.5
97,La jungla de asfalto,John Huston,1950,5.0,The Asphalt Jungle,16958,Film,en,112,442,7.525
98,To Have and Have Not,Howard Hawks,1944,,To Have and Have Not,22584,Film,en,100,471,7.447
99,"Party Girl (Chicago, años 30)",Nicholas Ray,1958,,Party Girl,25633,Film,en,99,63,6.738
100,"Suddenly, Last Summer",Joseph L. Mankiewicz,1959,4.0,"Suddenly, Last Summer",14698,Film,en,114,251,7.3
101,Cat on a Hot Tin Roof,Richard Brooks,1958,,Cat on a Hot Tin Roof,261,Film,en,108,700,7.655
102,From Here to Eternity,Fred Zinnemann,1953,,From Here to Eternity,11426,Film,en,118,584,7.299
103,The Ghost and Mrs. Muir,Joseph L. Mankiewicz,1947,5.0,The Ghost and Mrs. Muir,22292,Film,en,105,278,7.559
104,Red River,Howard Hawks,1948,4.0,Red River,3089,Film,en,133,478,7.381
105,An Affair to Remember (Tú y yo),Leo Mccarey,1957,4.0,An Affair to Remember,8356,Film,en,111,428,7.383
106,In a Lonely Place,Nicholas Ray,1950,4.0,In a Lonely Place,17057,Film,en,94,515,7.5
107,Cat People (La mujer pantera),Jacques Tourneur,1943,,Cat People,25508,Film,en,73,536,6.897
108,Pickpocket,Robert Bresson,1959,,Pickpocket,690,Film,fr,75,471,7.299
109,Sólo los ángeles tienen alas,Howard Hawks,1939,4.0,Only Angels Have Wings,43832,Film,en,121,213,7.3
110,No habrá paz para los malvados,Enrique Urbizu,2011,4.0,No Rest for the Wicked,76013,Film,es,114,124,5.875
111,Gilda,Charles Vidor,1946,,Gilda,3767,Film,en,110,536,7.537
112,Touch of Evil (Sed de mal),Orson Welles,1958,4.0,Touch of Evil,1480,Film,en,111,1340,7.762
113,Río Bravo,Howard Hawks,1959,,Rio Bravo,301,Film,en,141,1057,7.825
114,Stagecoach (La diligencia),John Ford,1939,,Stagecoach,995,Film,en,96,1038,7.6
115,Jeremiah Johnson,Sydney Pollack,1972,,Jeremiah Johnson,11943,Film,en,108,560,7.299
116,Melancolía,Lars Von Trier,2011,4.0,Melancholia,62215,Film,en,135,3296,7.2
117,The Tree of Life,Terrence Malick,2011,5.0,The Tree of Life,8967,Film,en,139,2925,6.742
118,La piel que habito,Pedro Almodóvar,2011,,The Skin I Live In,63311,Film,es,120,3963,7.52
119,Inside Job,Charles Ferguson,2010,,Inside Job,44639,Documentary,en,109,880,7.709
120,The King´s Speech,Tom Hooper,2010,4.0,The King's Speech,45269,Film,en,118,8327,7.742
121,French cancan,Jean Renoir,1955,,French Cancan,45213,Film,fr,102,81,7.2
122,Another Year,Mike Leigh,2010,,Another Year,44009,Film,en,129,362,6.999
123,Secrets & Lies,Mike Leigh,1996,,Secrets & Lies,11159,Film,en,142,585,7.562
124,Midnight in Paris,Woody Allen,2011,,Midnight in Paris,59436,Film,en,94,6991,7.535
125,Whatever Works,Woody Allen,2009,,Whatever Works,19265,Film,en,92,1652,7.103
126,Manhattan,Woody Allen,1979,,Manhattan,696,Film,en,96,2214,7.748
127,Crimes and Misdemeanors,Woody Allen,1989,,Crimes and Misdemeanors,11562,Film,en,104,812,7.468
128,The Big Lebowski,Coen,1998,4.0,The Big Lebowski,115,Film,en,117,10661,7.84
129,"Nader y Simin, una separación",Asghar Farhadi,2011,4.0,A Separation,60243,Film,fa,123,1614,7.905
130,Hannah and Her Sisters,Woody Allen,1986,,Hannah and Her Sisters,5143,Film,en,107,966,7.494
131,Ed Wood,Tim Burton,1994,4.0,Ed Wood,522,Film,en,127,2172,7.504
132,Monty Python and the Holy Grail,Terry Jones,1975,,Monty Python and the Holy Grail,762,Film,en,91,5439,7.802
133,Four Lions,Chris Morris,2010,,Four Lions,37495,Film,en,97,1062,7.0
134,Mi tío,Jacques Tati,1958,4.0,Uncle Hyacynth,117169,Film,es,87,20,6.7
135,Sabrina,Billy Wilder,1954,,Sabrina,6620,Film,en,113,1162,7.5
136,Le Havre,Aki Kaurismäki,2011,4.0,Le Havre,73532,Film,fr,94,388,6.981
137,Les vacances de M. Hulot,Jacques Tati,1953,,Monsieur Hulot's Holiday,778,Film,fr,87,416,7.0
138,El sabor del sake,Yasujiro Ozu,1962,,An Autumn Afternoon,50759,Film,ja,114,256,7.811
139,Los siete samuráis,Akira Kurosawa,1954,,Seven Samurai,346,Film,ja,207,3391,8.458
140,Los 400 golpes,François Truffaut,1959,4.0,The 400 Blows,147,Film,fr,99,1988,8.1
141,"Hiroshima, mon amour",Alain Resnais,1959,,Hiroshima Mon Amour,5544,Film,fr,92,746,7.7
142,Plan 9 From Outer Space,Ed. Wood,1959,,Plan 9 from Outer Space,10513,Film,en,79,509,4.19
143,Ikiru,Akira Kurosawa,1952,4.0,Ikiru,3782,Film,ja,143,1019,8.3
144,El General de la Rovere,Roberto Rossellini,1959,4.0,General Della Rovere,43100,Film,it,132,118,7.47
145,The Dead,John Huston,1987,,The Dead,39507,Film,en,83,143,6.937
146,"Francisco, juglar de Dios",Roberto Rossellini,1950,,The Flowers of St. Francis,56518,Film,it,87,79,7.2
147,The Artist,Michel Hazanavicius,2011,,The Artist,74643,Film,fr,100,3108,7.457
148,Moby Dick,John Huston,1956,,Moby Dick,10339,Film,en,116,371,6.969
149,Blue Velvet,David Lynch,1986,,Blue Velvet,793,Film,en,120,3072,7.631
150,Pather Panchali (Apu Trilogy 1),Satyajit Ray,1955,5.0,Pather Panchali,5801,Film,bn,125,369,8.007
151,Le gamin au vélo,Jean-Pierre Dardenne,2011,4.0,The Kid with a Bike,63831,Film,fr,87,402,7.131
152,El año pasado en Marienbad,Alain Resnais,1961,,Last Year at Marienbad,4024,Film,fr,95,462,7.437
153,Los olvidados,Luis Buñuel,1950,,The Young and the Damned,800,Film,es,77,451,8.055
154,Aparajito (Apu Trilogy 2),Satyajit Ray,1957,5.0,Aparajito,897,Film,bn,110,217,8.0
155,El niño,Jean-Pierre Dardenne,2005,,El niño con ojos de clavo,1240767,Film,es,0,0,0.0
156,13 asesinos,Takashi Miike,2010,,13 Assassins,58857,Film,ja,141,1045,7.31
157,Apur Sansar (Apu Trilogy 3),Satyajit Ray,1959,,Apur Sansar,896,Film,bn,105,209,8.175
158,Dersu Uzala,Akira Kurosawa,1975,,Dersu Uzala,9764,Film,ru,141,484,7.988
159,I´m not there,Todd Haynes,2007,,I'm Not There,3902,Film,en,135,646,6.562
160,The Straight story,David Lynch,1999,,The Straight Story,404,Film,en,112,1413,7.724
161,The Picture of Dorian Gray,Albert Lewin,1945,,The Picture of Dorian Gray,16559,Film,en,111,238,7.103
162,The Fortune Cookie,Billy Wilder,1966,,The Fortune Cookie,1888,Film,en,125,282,7.232
163,The Professionals,Richard Brooks,1966,,The Professionals,22383,Film,en,117,275,7.058
164,The Thin Red Line,Terrence Malick,1998,5.0,The Thin Red Line,8741,Film,en,171,2785,7.445
165,El hundimiento,Oliver Hirschbiegel,2004,,Downfall,613,Film,de,155,3583,7.859
166,Badlands,Terrence Malick,1973,4.0,Badlands,3133,Film,en,94,1093,7.5
167,Caro Diario,Nanni Moretti,1993,4.0,Caro diario,25403,Film,it,101,429,7.411
168,Milagro en Milán,Vittorio De Sica,1951,,Miracle in Milan,43379,Film,it,97,215,7.272
169,Utamaro y sus cinco mujeres,Kenji Mizoguchi,1946,,Utamaro and His Five Women,101382,Film,ja,94,28,7.2
170,La gran ilusión,Jean Renoir,1937,,Grand Illusion,777,Film,fr,114,634,7.847
171,Limelight (Candilejas),Charlie Chaplin,1952,,Limelight,28971,Film,en,137,486,8.0
172,El salario del miedo,Henri-Georges Clouzot,1953,,The Wages of Fear,204,Film,fr,148,844,8.028
173,Une partie de campagne (A Day in the Country),Jean Renoir,1946,,A Day in the Country,43878,Film,fr,41,176,7.327
174,The Great Dictator,Charlie Chaplin,1940,,The Great Dictator,914,Film,en,125,3147,8.333
175,El séptimo sello,Ingmar Bergman,1957,,The Seventh Seal,490,Film,sv,96,2791,8.197
176,My Fair Lady,George Cukor,1964,4.0,My Fair Lady,11113,Film,en,170,1208,7.5
177,The Kid,Charlie Chaplin,1921,,The Kid,10098,Film,en,68,1946,8.185
178,Mogambo,John Ford,1953,,Mogambo,25009,Film,en,115,144,6.5
179,The Lady from Shanghai,Orson Welles,1947,4.0,The Lady from Shanghai,3766,Film,en,87,598,7.365
180,Les enfants du paradis,Marcel Carné,1945,,Children of Paradise,2457,Film,fr,191,372,8.125
181,Mientras duermes,Jaume Balagueró,2011,,Sleep Tight,77495,Film,es,97,1015,7.082
182,8 1/2,Federico Fellini,1963,,8½,422,Film,it,139,2132,8.168
183,The Night of the Iguana,John Huston,1964,,The Night of the Iguana,14703,Film,en,118,136,7.107
184,"M, El vampiro de Dusseldorf",Fritz Lang,1931,,M,832,Film,de,111,2001,8.091
185,El pisito,Marco Ferreri,1959,,The Little Apartment,110924,Film,es,87,25,6.5
186,Calle Mayor,Juan Antonio Bardem,1956,,Main Street,104607,Film,es,98,45,7.178
187,Muerte de un ciclista,Juan Antonio Bardem,1955,,Death of a Cyclist,72083,Film,es,88,91,7.143
188,Historias de la radio,José L. Sáenz De Heredia,1955,,Radio Stories,96242,Film,es,95,10,7.1
189,Abril,Nanni Moretti,1998,,Aprile,32117,Film,it,78,197,7.439
190,Calabuch,Luis G. Berlanga,1956,,The Rocket from Calabuch,107612,Film,es,93,32,7.3
191,Los jueves milagro,Luis G. Berlanga,1957,,Miracles of Thursday,100052,Film,es,84,26,6.654
192,Manhattan Murder Mystery,Woody Allen,1993,,Manhattan Murder Mystery,10440,Film,en,104,1000,7.277
193,El apartamento,Billy Wilder,1960,5.0,The Apartment,284,Film,en,125,2103,8.216
194,Ojos negros,Nikita Mijalkov,1987,,Dark Eyes,44658,Film,ru,121,76,6.914
195,El cochecito,Marco Ferreri,1960,,The Wheelchair,99883,Film,es,85,41,6.9
196,Surcos,José A. Nieves Conde,1951,,Surcos,103937,Film,es,99,19,7.0
197,La tía Tula,Miguel Picazo,1964,,Aunt Tula,131344,Film,es,103,17,6.2
198,Vida en sombras,Lorenzo Llobet Gràcia,1949,,Living in Shadows,180010,Film,es,74,10,7.3
199,Las Hurdes (Tierra sin pan),Luis Buñuel,1933,,Land Without Bread,91,Documentary,es,29,147,7.1
200,Las verdes praderas,José Luis Garci,1979,,Las verdes praderas,275294,Film,es,89,9,6.2
201,La torre de los siete jorobados,Edgar Neville,1944,,La torre de los siete jorobados,118673,Film,es,80,20,6.325
202,El camino a casa,Zhang Yimou,1999,,The Road Home,12276,Film,zh,89,184,7.5
203,El viaje a ninguna parte,Fernando Fernan Gómez,1986,,Voyage to Nowhere,156453,Film,es,134,33,7.3
204,Moonrise Kingdom,Wes Anderson,2012,,Moonrise Kingdom,83666,Film,en,94,5578,7.692
205,Sorgo rojo (Red Sorghum),Zhang Yimou,1988,,Red Sorghum,42006,Film,zh,91,185,7.17
206,El extraño viaje,Fernando Fernan Gómez,1964,,Strange Voyage,162510,Film,es,89,40,7.2
207,September,Woody Allen,1987,,September,22477,Film,en,82,169,6.204
208,El discreto encanto de la burguesía,Luis Buñuel,1972,4.0,The Discreet Charm of the Bourgeoisie,4593,Film,fr,101,730,7.523
209,Todo lo que quiso saber sobre el sexo,Woody Allen,1972,,Everything You Always Wanted to Know About Sex *But Were Afraid to Ask,11624,Film,en,88,862,6.5
210,No tengas miedo,Montxo Armendáriz,2011,,Don't Be Afraid,73738,Film,es,90,51,6.6
211,Ese oscuro objeto del deseo,Luis Buñuel,1977,,That Obscure Object of Desire,5781,Film,fr,103,355,7.428
212,Nazarín,Luis Buñuel,1959,,Nazarin,35124,Film,es,95,127,7.7
213,Las cartas de Alou,Montxo Armendáriz,1990,,Letters from Alou,95613,Film,es,100,8,5.1
214,Alice,Woody Allen,1990,,Alice,8217,Film,en,102,270,6.411
215,Las acacias,Pablo Giorgelli,2011,4.0,Las acacias,85549,Film,es,85,37,6.4
216,Rumble Fish,Francis Ford Coppola,1983,5.0,Rumble Fish,232,Film,en,94,625,6.978
217,Sleeper,Woody Allen,1973,,Sleeper,11561,Film,en,87,724,6.912
218,Zelig,Woody Allen,1983,,Zelig,11030,Film,en,79,802,7.447
219,El bosque animado,José Luis Cuerda,1987,,The Enchanted Forest,60311,Film,es,107,30,6.8
220,The Hustler,Robert Rossen,1961,5.0,The Hustler,990,Film,en,134,895,7.693
221,Kiseki (Milagro),Hirokazu Kore-Eda,2011,,I Wish,79382,Film,ja,127,146,7.3
222,Comedia sexual de una noche de verano (A Midsummer Night's Sex Comedy),Woody Allen,1982,,A Midsummer Night's Sex Comedy,8288,Film,en,88,374,6.464
223,Radio Days,Woody Allen,1987,,Radio Days,30890,Film,en,90,520,7.037
224,Bananas,Woody Allen,1971,,Bananas,11302,Film,en,82,688,6.695
225,La rosa púrpura de El Cairo,Woody Allen,1985,,The Purple Rose of Cairo,10849,Film,en,82,946,7.389
226,La maldición del escorpión de Jade,Woody Allen,2001,,The Curse of the Jade Scorpion,2779,Film,en,103,717,6.6
227,Memorias del subdesarrollo,Tomás Gutiérrez Alea,1968,,Memories of Underdevelopment,47576,Film,es,99,74,7.486
228,Muerte de un burócrata,Tomás Gutiérrez Alea,1966,,Death of a Bureaucrat,43778,Film,es,84,40,7.288
229,Still walking,Hirokazu Kore-Eda,2008,,Still Walking,25050,Film,ja,114,331,7.719
230,Ciudad de Dios,Fernando Meirelles,2002,,City of God,598,Film,pt,130,6920,8.434
231,La teta asustada,Claudia Llosa,2009,,The Milk of Sorrow,28644,Film,es,94,87,6.224
232,La buena vida,Andrés Wood,2004,,Una chica buena de la mala vida,941960,Film,es,0,1,6.0
233,Machuca,Andrés Wood,2004,,Machuca,12086,Film,es,116,191,7.738
234,El aura,Fabián Bielinsky,2005,,The Aura,13653,Film,es,134,182,7.011
235,La escalera de caracol (The Spiral Staircase),Robert Siodmak,1946,,The Spiral Staircase,27452,Film,en,83,219,7.034
236,Nadie sabe,Hirokazu Kore-Eda,2004,,Nobody Knows,2517,Film,ja,141,462,7.99
237,Fat city (Ciudad dorada),John Huston,1972,5.0,Fat City,16993,Film,en,97,138,7.1
238,Eduardo Manostijeras (Edward Scissorhands),Tim Burton,1990,,Edward Scissorhands,162,Film,en,105,12335,7.715
239,Laura,Otto Preminger,1944,,Laura,1939,Film,en,88,732,7.634
240,Winchester 73,Anthony Mann,1950,,Winchester '73,14551,Film,en,92,325,7.277
241,Anatomía de un asesinato,Otto Preminger,1959,4.0,Anatomy of a Murder,93,Film,en,161,890,7.8
242,Gritos y susurros,Ingmar Bergman,1972,4.0,Cries and Whispers,10238,Film,sv,95,636,7.9
243,Vidas rebeldes (The Misfits),John Huston,1961,,The Misfits,11536,Film,en,124,344,6.956
244,Swimming Pool,François Ozon,2003,,Swimming Pool,302,Film,en,102,648,6.511
245,The Passion of Anna,Ingmar Bergman,1969,,The Passion of Anna,42602,Film,sv,101,162,7.512
246,Alps,Giorgo Lanthimos,2011,,Sennentuntschi: Curse of the Alps,61722,Film,de,110,67,6.396
247,8 mujeres,François Ozon,2002,,8 Women,1958,Film,fr,111,919,6.9
248,"Uno, dos, tres",Billy Wilder,1961,,"One, Two, Three",430,Film,en,109,344,7.541
249,La promesa,Jean-Pierre Dardenne,1996,,La Promesse,24183,Film,fr,94,160,7.151
250,Take Shelter,Jeff Nichols,2011,,Take Shelter,64720,Film,en,120,1634,7.047
251,Deconstructing Harry,Woody Allen,1997,,Deconstructing Harry,2639,Film,en,96,897,7.282
252,Infancia clandestina,Benjamín Ávila,2012,,Clandestine Childhood,127880,Film,es,112,54,6.944
253,Otra mujer,Woody Allen,1988,,Another Woman,22478,Film,en,84,236,6.78
254,El imperio de los sentidos,Nagisa Oshima,1976,,In the Realm of the Senses,5879,Film,ja,105,568,6.606
255,What Ever Happened to Baby Jane?,Robert Aldrich,1962,4.0,What Ever Happened to Baby Jane?,10242,Film,en,135,964,7.929
256,The Guard,John Michael Mcdonagh,2011,,The Guard,67913,Film,en,96,1115,6.987
257,Trainspotting,Danny Boyle,1996,,Trainspotting,627,Film,en,94,9215,7.969
258,La cueva de los sueños olvidados,Werner Herzog,2010,,Cave of Forgotten Dreams,59490,Documentary,en,90,313,7.1
259,Andrei Rubliov,Andrei Tarkovsky,1966,,Andrei Rublev,895,Film,ru,183,736,8.033
260,A Brand New Life,Ounie Lecomte,2009,4.0,A Brand New Life,48508,Film,ko,92,59,7.3
261,El desencanto,Jaime Chavarri,1976,,The Disenchantment,4496,Documentary,es,97,24,7.4
262,La luna en ti,Diana Fabianova,2009,,The Moon Inside You,54317,Documentary,en,75,1,10.0
263,Después de tantos años,Ricardo Franco,1994,,After All These Years,260141,Documentary,es,84,4,4.9
264,Born Into Brothels,Zana Briski,2005,,Born Into Brothels: Calcutta's Red Light Kids,1392,Documentary,en,85,201,6.863
265,Shame,Steve Mcqueen,2011,,Shame,76025,Film,en,102,2997,6.9
266,Secret Sunshine,Lee Chang-Dong,2007,4.0,Secret Sunshine,2015,Film,ko,143,193,7.135
267,Grizzly Man,Werner Herzog,2005,,Grizzly Man,501,Documentary,en,103,788,7.536
268,Mónica del Raval,Fransesc Betriu,2009,4.0,Mónica del Raval,134787,Documentary,es,108,8,6.1
269,Tralas Luces,Sandra Sánchez,2011,,Tralas Luces,367864,Documentary,en,112,1,6.0
270,Encounters At The End Of The World,Werner Herzog,2007,4.0,Encounters at the End of the World,12172,Documentary,en,99,249,7.4
271,"Nanuk, el esquimal",Robert J. Flaherty,1922,,Nanook of the North,669,Documentary,en,79,275,7.111
272,El viaje del emperador,Luc Jacquet,2005,,March of the Penguins,1667,Documentary,fr,80,1064,7.033
273,El gran silencio,Philip Gröning,2005,,Into Great Silence,11225,Documentary,de,162,35,6.986
274,La rueda del tiempo,Werner Herzog,2003,,Wheel of Time,51311,Documentary,de,83,42,6.5
275,Océanos,Jacques Perrin,2010,,Hidalgo,2023,Film,en,136,1116,6.827
276,Microcosmos: le peuple de l´herbe,Claude Nuridsany,1996,4.0,Microcosmos,9305,Documentary,fr,80,211,7.5
277,Esperando a Superman,Davis Guggenheim,2010,,"Waiting for ""Superman""",39440,Documentary,en,111,125,6.9
278,Elisa K,Jordi Cadena,2010,,Elisa K,110207,Film,ca,71,9,5.0
279,Cinco condiciones,Lars Von Trier,2003,,The Five Obstructions,12456,Documentary,da,90,143,6.902
280,The Master,Paul Thomas Anderson,2012,,The Master,68722,Film,en,137,2794,7.153
281,Ai Weiwei: Never Sorry,Alison Klayman,2012,,Ai Weiwei: Never Sorry,84169,Documentary,en,92,75,7.0
282,De tu ventana a la mía,Paula Ortiz,2011,,From Your Window to Mine,85452,Film,es,100,17,6.9
283,Chico y Rita,Fernando Trueba,2010,,Chico & Rita,63498,Film,es,94,217,7.21
284,Buena Vista Social Club,Wim Wenders,1999,,Buena Vista Social Club,11779,Documentary,en,105,292,7.524
285,Martha Marcy May Marlene,Sean Durkin,2011,,Martha Marcy May Marlene,50837,Film,en,101,694,6.631
286,El cuaderno de barro,Isaki Lacuesta,2011,,El cuaderno de barro,132053,Film,en,60,3,7.0
287,Los pasos dobles,Isaki Lacuesta,2011,,The Double Steps,80189,Film,es,86,3,6.5
288,Blancanieves,Pablo Berger,2012,,Blancanieves,127864,Film,es,104,220,7.28
289,Léolo,Jean-Claude Lauzon,1992,4.0,Léolo,11139,Film,fr,107,116,7.078
290,La espalda del mundo,Javier Corcuera,2000,,The Back of the World,115610,Documentary,en,89,4,6.5
291,Un tal Eusebi,Iban del Campo,2003,4.0,,,,,,,
292,El taxista ful,Jo Sol,2006,4.0,The Taxi Thief,334706,Film,es,90,6,6.3
293,Drive,Nicolas Winding Refn,2011,,Drive,64690,Film,en,100,12014,7.574
294,La pesadilla de Darwin,Hubert Sauper,2004,,Darwin's Nightmare,415253,Documentary,en,107,43,7.1
295,Una verdad incómoda,Davis Guggenheim,2006,,An Inconvenient Truth,1781,Documentary,en,100,821,7.0
296,Familystrip,Luis Miñarro,2009,,Familystrip,98383,Documentary,es,70,0,0.0
297,La casa de mi abuela,Adán Aliaga,2005,,My Grandmother's House,181977,Documentary,es,80,4,5.8
298,Amour,Michael Haneke,2012,5.0,Amour,86837,Film,fr,127,1515,7.771
299,Woody Allen: A Documentary,Robert B. Weide,2012,,Woody Allen: A Documentary,81167,Documentary,en,192,156,6.821
300,Saló o los 120 días de Sodoma,Pier Paolo Pasolini,1975,,"Salò, or the 120 Days of Sodom",5336,Film,it,117,1881,6.415
301,Searching for Sugar Man,Malik Bendjelloul,2012,,Searching for Sugar Man,84334,Documentary,en,85,862,7.884
302,El bosque del luto,Naomi Kawase,2007,,The Mourning Forest,2010,Film,ja,98,41,6.793
303,Honor de cavalleria,Albert Serra,2006,4.0,Honour of the Knights,85461,Film,ca,103,26,7.2
304,En la ciudad de Sylvia,José Luis Guerin,2007,4.0,In the City of Sylvia,29568,Film,es,82,46,7.0
305,Fake Orgasm,Jo Sol,2010,,Fake Orgasm,163822,Documentary,en,81,0,0.0
306,La soledad,Jaime Rosales,2007,,Solitary Fragments,39489,Film,es,135,18,5.9
307,Gazta zati bat,Jon Maia,2012,,A Piece of Cheese,109791,Documentary,eu,99,2,6.5
308,Close Up,Abbas Kiarostami,1990,,Close-Up,30017,Film,fa,98,338,7.867
309,"Aguirre, la cólera de Dios",Werner Herzog,1972,,"Aguirre, the Wrath of God",2000,Film,de,95,1006,7.506
310,Play Time,Jacques Tati,1967,,PlayTime,10227,Film,fr,115,520,7.7
311,Finisterrae,Sergio Caballero,2010,,Finisterrae,60120,Film,ca,80,20,7.6
312,Boudu salvado de las aguas,Jean Renoir,1932,4.0,Boudu Saved from Drowning,48365,Film,fr,84,117,6.966
313,Banda aparte,Jean Luc Godard,1964,,Band of Outsiders,8073,Film,fr,97,522,7.552
314,Cómo cocinar tu vida,Doris Dörrie,2007,,How to Cook Your Life,2049,Documentary,en,93,7,5.0
315,Las amistades peligrosas,Stephen Frears,1988,,Dangerous Liaisons,859,Film,en,119,1076,7.215
316,Man on Wire,James Marsh,2008,,Man on Wire,14048,Documentary,en,94,816,7.389
317,Blow-Up,Michelangelo Antonioni,1966,,Blow-Up,1052,Film,en,111,1156,7.4
318,The General,Buster Keaton,1926,,The General,961,Film,en,79,1136,7.952
319,La noche americana,François Truffaut,1973,,Day for Night,1675,Film,fr,116,563,7.829
320,Luna de Avellaneda,Juan José Campanella,2004,,Moon of Avellaneda,57977,Film,es,143,73,6.979
321,Dolls,Takeshi Kitano,2002,,Dolls,870,Film,ja,114,293,7.587
322,Al este del edén,Elia Kazan,1955,,East of Eden,220,Film,en,115,692,7.56
323,Your Sister´s Sister,Lynn Shelton,2011,,Your Sister's Sister,84355,Film,en,90,315,6.443
324,Concursante,Rodrigo Cortés,2007,,The Contestant,48453,Film,es,88,39,5.8
325,Shadows,John Cassavetes,1959,,Shadows,15484,Film,en,87,220,6.955
326,El sabor de la sandía,Tsai Ming-liang,2005,,The Wayward Cloud,36253,Film,zh,114,96,5.9
327,Johnny cogió su fusil,Dalton Trumbo,1971,,Johnny Got His Gun,16328,Film,en,112,353,7.472
328,Buried,Rodrigo Cortés,2010,,Buried,26388,Film,en,94,2648,6.612
329,Extraños en el paraíso,Jim Jarmusch,1984,,Stranger Than Paradise,469,Film,en,86,487,7.143
330,Annie Leibovitz,Barbara Leibovitz,2006,,Annie Leibovitz: Life Through a Lens,49255,Documentary,en,83,22,7.568
331,The Turin Horse,Bela Tarr,2011,,The Turin Horse,81401,Film,hu,155,330,7.7
332,Los mundos sutiles,Eduardo Chapero Jackson,2015,,Los mundos sutiles,622053,Documentary,es,85,4,6.5
333,Moon,Duncan Jones,2009,,Moon,17431,Film,en,97,5371,7.568
334,La maleta mexicana,Trisha Ziff,2011,4.0,The Mexican Suitcase,80118,Documentary,es,86,12,7.8
335,Las tortugas también vuelan,Bahman Ghobadi,2004,,Turtles Can Fly,8340,Film,ku,98,205,7.7
336,Habemus Papam,Nanni Moretti,2011,,We Have a Pope,61667,Film,it,102,502,6.81
337,Jules y Jim,François Truffaut,1962,,Jules and Jim,1628,Film,fr,106,892,7.596
338,La sombra del iceberg,Hugo Domenech,2007,,La sombra del iceberg,247635,Film,es,76,5,5.2
339,Cinco metros cuadrados,Max Lemcke,2011,,Five Square Meters,79749,Film,es,86,15,5.7
340,Coffee and Cigarettes,Jim Jarmusch,2003,,Coffee and Cigarettes,883,Film,en,96,865,6.96
341,Esto no es una película,Jafar Panahi,2011,,This Is Not a Film,83552,Documentary,fa,75,84,7.114
342,Las nieves del Kilimanjaro,Robert Guediguian,2011,,The Snows of Kilimanjaro,91690,Film,fr,107,118,6.7
343,Los intocables,Brian de Palma,1986,,Blind Trust,163533,Film,fr,86,7,6.0
344,Proyecto Nim,James Marsh,2011,,Project Nim,63579,Documentary,en,93,125,6.8
345,REC,Jaume Balagueró,2007,,Total Recall,861,Film,en,113,5425,7.293
346,Down By Law,Jim Jarmusch,1986,,Down by Law,1554,Film,en,106,685,7.363
347,La vida de Pi,Ang Lee,2012,,Trouble with the Curve,87825,Film,en,111,1483,6.974
348,Night on Earth,Jim Jarmusch,1991,,Night on Earth,339,Film,en,128,828,7.526
349,El globo blanco,Jafar Panahi,1995,,The White Balloon,46785,Film,fa,85,81,7.531
350,El sabor de las cerezas,Abbas Kiarostami,1997,,Taste of Cherry,30020,Film,fa,99,532,7.644
351,Arrugas,Ignacio Ferreras,2011,,Wrinkles,85444,Film,es,89,120,7.554
352,Macbeth,Orson Welles,1948,,Macbeth,27883,Film,en,107,153,7.324
353,Persona,Ingmar Bergman,1966,4.0,Persona,797,Film,sv,83,1989,8.2
354,Capturing the Friedmans,Andrew Jarecki,2003,4.0,Capturing the Friedmans,2260,Documentary,en,107,312,7.184
355,La morte rouge,Víctor Erice,2006,,La Morte Rouge,213598,Documentary,es,34,15,6.667
356,Monos como Becky,Joaquim Jordá,1999,,Monkeys Like Becky,32548,Documentary,es,97,4,6.5
357,La nana,Sebastián Silva,2009,,The Maid,27567,Film,es,97,74,6.7
358,El curioso caso de Benjamin Button,David Fincher,2008,,The Curious Case of Benjamin Button,4922,Film,en,166,12182,7.582
359,"Comer, beber, amar",Ang Lee,1994,,Eat Drink Man Woman,10451,Film,zh,123,302,7.52
360,La doctrina del shock,Michael Winterbottom,2009,,The Shock Doctrine,41116,Documentary,en,82,53,7.1
361,La ceremonia,Claude Chabrol,1995,,La Ceremonie,1802,Film,fr,111,304,7.308
362,La colmena,Mario Camus,1982,,The Beehive,104435,Film,es,112,40,6.338
363,Hamlet,Laurence Olivier,1948,,Hamlet,23383,Film,en,153,233,7.448
364,La casa de Bernarda Alba,Mario Camus,1987,,The House of Bernarda Alba,98997,Film,es,99,25,6.98
365,La duda,John Patrick Shanley,2008,,Doubt,14359,Film,en,104,1586,7.2
366,De óxido y hueso,Jacques Audiard,2012,,Rust and Bone,97365,Film,fr,123,1305,7.175
367,El molino y la cruz,Lech Majewski,2011,,The Mill and the Cross,57829,Film,pl,96,91,6.489
368,Tyrannosaur,Paddy Considine,2011,,Tyrannosaur,76543,Film,en,93,426,7.243
369,"Primavera, Verano, Otoño, Invierno",Kim Ki-duk,2003,,"Spring, Summer, Fall, Winter... and Spring",113,Film,ko,103,989,7.9
370,Una película hablada,Manoel de Oliveira,2003,,A Talking Picture,95536,Film,pt,96,32,7.1
371,Azul,Krzysztof Kieslowski,1993,,Three Colors: Blue,108,Film,fr,98,1561,7.671
372,Nosferatu,Friedrich W. Murnau,1922,,Nosferatu,653,Film,de,94,1841,7.706
373,El símbolo y el cuate,Francesc Relea,2013,,Serrat & Sabina: Two for the Road,219351,Documentary,es,82,2,7.0
374,Violeta se fue a los cielos,Andrés Wood,2011,,Violeta Went to Heaven,80717,Film,es,110,42,6.869
375,Contraté a un asesino a sueldo,Aki Kaurismäki,1990,,I Hired a Contract Killer,7975,Film,en,80,158,6.899
376,La chica de la fábrica de cerillas,Aki Kaurismäki,1990,,The Match Factory Girl,7974,Film,fi,69,221,7.342
377,No amarás,Krzysztof Kieslowski,1988,,A Short Film About Love,31056,Film,pl,87,331,7.82
378,La vida útil,Federico Veiroj,2010,,A Useful Life,81523,Film,es,63,21,6.2
379,Blanco,Krzysztof Kieslowski,1994,,The Man in White,261073,Film,es,90,8,3.8
380,La vida de Adèle,Abdellatif Kechiche,2013,5.0,Blue Is the Warmest Color,152584,Film,fr,180,4384,7.089
381,Rojo,Krzysztof Kieslowski,1994,,Three Colors: Red,110,Film,fr,100,1274,7.936
382,Yi Yi,Edward Yang,2000,,Yi Yi,25538,Film,zh,173,483,7.875
383,La escurridiza,Abdellatif Kechiche,2003,,Games of Love and Chance,1549,Film,fr,124,135,6.719
384,Latcho Drom,Tony Gatlif,1993,,Latcho Drom,47105,Documentary,fr,103,37,7.5
385,Gente en sitios,Juan Cavestany,2013,4.0,People in Places,212836,Film,es,78,16,5.25
386,La espigadora,Agnes Varda,2000,4.0,The Gleaners and I,44379,Documentary,fr,82,156,7.6
387,Madeinusa,Claudia Llosa,2006,,Madeinusa,46820,Film,es,100,20,6.0
388,Los paraguas de Cherburgo,Jacques Demy,1964,,The Umbrellas of Cherbourg,5967,Film,fr,93,706,7.397
389,La gran belleza,Paolo Sorrentino,2013,4.0,The Great Beauty,179144,Film,it,142,2959,7.506
390,Stories We Tell,Sarah Polley,2013,,Stories We Tell,128216,Documentary,en,109,201,7.042
391,La jaula de oro,Diego Quemada-Díez,2013,4.0,The Golden Dream,186976,Film,es,110,134,6.799
392,Crepúsculo en Tokio,Yasujiro Ozu,1957,,Tokyo Twilight,55192,Film,ja,141,107,7.589
393,Fuego en el cuerpo,Lawrence Kasdan,1981,,Body Heat,14412,Film,en,113,541,7.006
394,La caza,Thomas Vinteberg,2012,4.0,The Hunt,103663,Film,da,116,3889,8.103
395,Hoy empieza todo,Bertrand Tavernier,1999,,It All Starts Today,32273,Film,fr,117,47,6.904
396,Un hombre sin pasado,Aki Kaurismäki,2002,,The Man Without a Past,7294,Film,fi,97,306,7.43
397,Bertsolari,Asier Altuna,2011,,Bertsolari,139863,Documentary,eu,90,0,0.0
398,Primavera tardía,Yasujiro Ozu,1949,4.0,Late Spring,20530,Film,ja,110,361,8.022
399,"He nacido, pero",Yasujiro Ozu,1932,,"I Was Born, But...",28268,Film,ja,91,116,7.487
400,El último Elvis,Armando Bo,2012,,The Last Elvis,84302,Film,es,92,17,5.5
401,Otoño tardío,Yasujiro Ozu,1960,,Late Autumn,21967,Film,ja,128,132,7.777
402,La hierba errante,Yasujiro Ozu,1959,,Floating Weeds,46918,Film,ja,115,159,7.469
403,"Almanya, bienvenido a Alemania",Yasemin Samdereli,2011,,Almanya: Welcome to Germany,63849,Film,de,101,172,6.608
404,Guest,José Luis Guerin,2011,,Guest,85924,Documentary,en,126,8,6.0
405,La mujer sin piano,Javier Rebollo,2009,,Woman Without Piano,237771,Film,es,94,9,5.9
406,Stockholm,Rodrigo Sorogoyen,2013,,Stockholm,185738,Film,es,90,94,6.324
407,Días de pesca,Carlos Sorin,2012,,Gone Fishing,128070,Film,es,78,11,5.7
408,Mud,Jeff Nichols,2012,,Mud,103731,Film,en,130,2628,7.059
409,La ventana,Carlos Sorin,2008,,Rear Window,567,Film,en,115,6118,8.353
410,Page One. The New York Times,Andrew Rossi,2011,,Page One: Inside the New York Times,63144,Documentary,en,88,59,6.9
411,Opera Prima,Fernando Trueba,1980,,Opera Prima,4500,Film,es,94,12,6.0
412,Stella,Sylvie Verheyde,2008,,Stella,17605,Film,fr,103,52,6.798
413,El lado oscuro del corazón,Eliseo Subiela,1992,,The Dark Side of the Heart,74938,Film,es,127,98,7.342
414,Ayurveda,Pan Nalin,2001,,Ayurveda: Art of Being,73981,Documentary,en,101,6,5.2
415,I am,Tom Shadyac,2010,,I Am Legend,6479,Film,en,101,15032,7.2
416,La plaga,Neus Ballús,2012,,The Plague Dogs,30060,Film,en,103,230,7.941
417,Arraianos,Eloy Enciso,2012,,Arraianos,153571,Film,es,70,6,6.0
418,Gravity,Alfonso Cuarón,2013,,Gravity,49047,Film,en,91,14718,7.163
419,En la casa,François Ozon,2012,,La nena se casa... en Navidad,419128,Film,es,0,0,0.0
420,La herida,Fernando Franco,2013,,Wounded,209418,Film,es,98,31,4.903
421,Las malas hierbas,Alain Resnais,2009,,Wild Grass,37842,Film,fr,104,75,6.04
422,El tren de la memoria,Marta Arribas,2005,,Train of Memory,100085,Documentary,es,85,2,6.5
423,Rebecca,Alfred Hitchcock,1940,,Rebecca,223,Film,en,130,1643,7.914
424,Shortbus,John Cameron Mitchell,2006,,Shortbus,1378,Film,en,101,470,6.329
425,Extraños en un tren,Alfred Hitchcock,1951,,Strangers on a Train,845,Film,en,101,1565,7.678
426,Alguien voló sobre el nido del cuco,Milos Forman,1975,5.0,One Flew Over the Cuckoo's Nest,510,Film,en,133,9921,8.422
427,Solo ante el peligro,Fred Zinnemann,1952,5.0,High Noon,288,Film,en,85,1324,7.7
428,All About Eve,Joseph L. Mankiewicz,1950,,All About Eve,705,Film,en,139,1431,8.113
429,Casablanca,Michael Curtiz,1942,,Casablanca,289,Film,en,102,5104,8.168
430,Ciudadano Kane,Orson Welles,1941,,Citizen Kane,15,Film,en,119,5189,8.007
431,El disputado voto del señor Cayo,Antonio Giménez-Rico,1986,,El disputado voto del señor Cayo,99766,Film,es,94,10,5.3
432,La mitad del cielo,Manuel Gutiérrez Aragón,1986,,La mitad del cielo,186149,Film,es,127,6,6.3
433,El hombre tranquilo,John Ford,1952,5.0,The Quiet Man,3109,Film,en,129,479,7.317
434,Una familia de Tokio,Yoji Yamada,2013,,Tokyo Family,187662,Film,ja,146,57,7.421
435,Innisfree,José Luis Guerin,1990,,Innisfree,100101,Documentary,en,110,4,6.0
436,Tren de sombras,José Luis Guerin,1997,,Train of Shadows,32934,Film,es,88,15,6.8
437,Ida,Pawel Pawlikowski,2013,,Ida,209274,Film,pl,82,920,7.246
438,Tiempo de revancha,Adolfo Aristarain,1981,,Time for Revenge,43428,Film,es,112,26,6.962
439,Her,Spike Jonze,2013,,Her,152601,Film,en,126,13685,7.86
440,El genio de Darwin: Las claves de la evolución,Richard Dawkins,2008,,,,,,,,
441,Omar,Hany Abu-Assad,2013,,Omar Killed Me,68178,Film,fr,85,97,6.6
442,Cinema Paradiso,Giuseppe Tornatore,1988,,Cinema Paradiso,11216,Film,it,124,4108,8.452
443,El artista y la modelo,Fernando Trueba,2012,,The Artist and the Model,115821,Film,es,104,39,6.115
444,Bestias del sur salvaje,Benh Zeitlin,2012,,Beasts of the Southern Wild,84175,Film,en,93,997,6.815
445,Kramer contra Kramer,Robert Benton,1979,,Kramer vs. Kramer,12102,Film,en,105,2072,7.56
446,Amor bajo el espino blanco,Zhang Yimou,2010,,Under the Hawthorn Tree,50542,Film,zh,113,122,7.717
447,Loreak,José Mari Goenaga,2014,,Flowers,260313,Film,eu,99,53,6.8
448,Ocho apellidos vascos,Emilio Martínez-Lázaro,2014,,Spanish Affair,236737,Film,es,98,596,6.7
449,Las brujas de Zugarramurdi,Alex De La Iglesia,2013,,Witching & Bitching,179538,Film,es,110,612,6.35
450,Fish Tank,Andrea Arnold,2009,,Fish Tank,24469,Film,en,123,784,6.975
451,Hannah Arendt,Margarethe von Trotta,2012,,Hannah Arendt,121873,Film,de,113,257,6.938
452,La bicicleta verde,Haifaa Al-Mansour,2012,,Wadjda,129112,Film,ar,98,459,7.225
453,Sólo un beso (Ae Fond Kiss),Ken Loach,2004,5.0,Ae Fond Kiss...,1404,Film,en,104,103,6.471
454,Esa pareja feliz,Luis G. Berlanga,1953,,That Happy Couple,111471,Film,es,78,24,6.3
455,Asier eta biok,Aitor Merino,2014,,Asier ETA biok,234155,Documentary,es,94,11,6.4
456,Some Like It Hot,Billy Wilder,1959,,Some Like It Hot,239,Film,en,122,3258,8.106
457,El último beso,Gabriele Muccino,2001,,The Last Kiss,12308,Film,it,115,490,6.419
458,Dancing Dreams,Rainer Hoffman,2010,,Dancing Dreams,57399,Documentary,de,92,13,6.8
459,Flor del desierto,Sherry Hormann,2009,,Desert Flower,33997,Film,en,120,392,7.578
460,Caos calmo,Antonello Grimaldi,2008,,Quiet Chaos,22274,Film,it,108,182,6.453
461,Iluminados por el fuego,Tristán Bauer,2005,,Blessed by Fire,60435,Film,es,100,19,6.2
462,Buscando a Eric,Ken Loach,2009,4.0,Looking for Eric,18898,Film,en,119,313,6.5
463,Cuadernos de contabilidad de Manolo Millares,Juan Millares,2006,,Cuadernos de contabilidad de Manolo Millares,219301,Documentary,en,0,0,0.0
464,La parte de los ángeles,Ken Loach,2012,,The Angels' Share,103747,Film,en,101,526,6.999
465,The Act of Killing,Joshua Oppenheimer,2012,,The Act of Killing,123678,Documentary,id,159,634,7.692
466,El gran hotel Budapest,Wes Anderson,2014,,The Grand Budapest Hotel,120467,Film,en,100,14141,8.052
467,Sud Express,Chema de la Peña,2006,,Sud express,107418,Film,es,102,4,4.5
468,Interstellar,Christopher Nolan,2014,,Interstellar,157336,Film,en,169,33563,8.428
469,Lourdes,Jessica Hausner,2009,4.0,Lourdes,41123,Film,fr,95,68,6.735
470,Ciutat morta,Xavier Artigas,2013,,The Mortal Instruments: City of Bones,123553,Film,en,130,4331,6.4
471,Le père de mes enfants,Mia Hansen-Love,2009,,Father of My Children,43614,Film,fr,111,60,6.742
472,Exils,Tony Gatlif,2004,,Exiles,18497,Film,fr,104,41,5.9
473,Garage,Lenny Abrahamson,2007,,Garage,18595,Film,en,85,37,6.9
474,La pesca del salmón en Yemen,Lasse Hallstrom,2011,,Salmon Fishing in the Yemen,81025,Film,en,107,833,6.419
475,Naufragio,Pedro Aguilera,2011,,Naufragio,112251,Film,es,95,4,5.2
476,Magical Girl,Carlos Vermut,2014,,Magical Girl,282983,Film,es,127,182,7.39
477,Carmina y amén,Paco León,2014,,Carmina and Amen,241968,Film,es,97,78,6.1
478,La sal de la tierra,Wim Wenders,2014,,The Salt of the Earth,265297,Documentary,fr,110,577,8.1
479,En un mundo mejor,Susanne Bier,2010,4.0,In a Better World,44716,Film,da,118,386,7.118
480,Mujeres en el Cairo,Yousry Nasrallah,2009,,"Scheherazade, Tell Me a Story",44096,Film,ar,134,24,6.771
481,Tapas,José Corbacho,2005,,Tapas,33227,Film,es,94,31,5.8
482,"Urte berri on, amona!",Telmo Esnal,2011,,"Happy New Year, Grandma!",126131,Film,es,107,2,6.5
483,Carmina o revienta,Paco León,2012,,Carmina or Blow Up,107916,Film,es,71,81,6.3
484,Confidencias muy íntimas,Patrice Leconte,2004,,Intimate Strangers,21200,Film,fr,104,62,6.29
485,"Dos días, una noche",Jean-Pierre Dardenne,2014,4.0,"Two Days, One Night",221902,Film,fr,95,872,6.918
486,Chicago Cab,Mary Cybulski,1998,,Chicago Cab,116008,Film,en,96,14,5.3
487,La dama de hierro,Phyllida Lloyd,2011,,The Iron Lady,71688,Film,en,105,1642,6.37
488,Pride,Matthew Warchus,2014,,Pride,234200,Film,en,120,1239,7.7
489,Whiplash,Damien Chazelle,2014,,Whiplash,244786,Film,en,107,14324,8.383
490,Lejos del cielo,Todd Haynes,2002,,Far from Heaven,10712,Film,en,107,566,7.0
491,La isla mínima,Alberto Rodriguez,2014,,Marshland,236735,Film,es,105,913,7.045
492,Touch of Sin,Jia Zhang Ke,2013,,A Touch of Sin,187022,Film,zh,131,295,7.239
493,Juntos,Lukas Moodysson,2000,,Together,742,Film,sv,106,218,6.968
494,Butch Cassidy And The Sundance Kid,George Roy Hill,1969,5.0,Butch Cassidy and the Sundance Kid,642,Film,en,111,2040,7.607
495,Séraphine,Martin Provost,2009,,Séraphine,14415,Film,fr,125,107,6.776
496,Birdman,Alejandro G. Iñarritu,2014,,Birdman or (The Unexpected Virtue of Ignorance),194662,Film,en,120,12361,7.467
497,La sal de este mar,Annemarie Jacir,2008,,Salt of This Sea,8932,Film,ar,109,19,6.079
498,El impostor,Bart Layton,2012,,The Imposter,84287,Documentary,en,99,693,7.338
499,Orfeo Negro,Marcel Camus,1959,,Black Orpheus,40423,Film,pt,100,192,7.01
500,Jiro Dreams of Sushi,David Gelb,2012,,Jiro Dreams of Sushi,80767,Documentary,ja,82,661,7.8
501,Lo que hacemos en las sombras,Jemaine Clement,2014,,What We Do in the Shadows,246741,Film,en,86,3332,7.6
502,Boyhood,Richard Linklater,2014,4.0,Boyhood,85350,Film,en,166,4922,7.507
503,Lugares comunes,Adolfo Aristarain,2002,5.0,Common Ground,32546,Film,es,110,26,7.6
504,Milk,Noemí Weis,2015,,Milk,463568,Documentary,en,91,1,5.0
505,Persepolis,Vincent Paronnaud,2007,,Persepolis,2011,Film,fr,95,1827,7.907
506,Una segunda madre,Anna Muylaert,2015,4.0,The Second Mother,310569,Film,pt,112,689,8.035
507,Mandarinas,Zaza Urushadze,2013,4.0,Tangerines,238628,Film,et,87,476,7.682
508,Los caballos de dios,Nabil Ayouch,2012,,Horses of God,134908,Film,fr,115,47,7.3
509,Adaptation (El ladrón de orquídeas),Spike Jonze,2002,,Adaptation.,2757,Film,en,115,2315,7.375
510,Un hombre soltero,Tom Ford,2009,,A Single Man,34653,Film,en,97,1464,7.288
511,Winter Sleep,Nuri Bilge Ceylan,2014,,Winter Sleep,265169,Film,tr,196,504,7.594
512,Sensitive. The Untold Story,Will Harper,2015,4.0,Sensitive: The Untold Story,447044,Documentary,en,63,4,6.3
513,El abuelo,José Luis Garci,1998,,The Grandfather,69851,Film,es,151,34,6.6
514,Underground,Emir Kusturica,1995,,Underground,11902,Film,sr,170,617,7.761
515,El cielo sobre Berlín,Wim Wenders,1987,,Wings of Desire,144,Film,de,128,1204,7.773
516,Bienvenidos al norte,Dany Boon,2008,,Welcome to the Sticks,8265,Film,fr,106,2336,6.677
517,Un día perfecto,Fernando León De Aranoa,2015,,A Perfect Day,321751,Film,en,106,586,6.652
518,Clerks,Kevin Smith,1994,,Clerks,2292,Film,en,92,2344,7.416
519,Vivir es fácil con los ojos cerrados,David Trueba,2013,4.0,Living Is Easy with Eyes Closed,209415,Film,es,108,154,6.773
520,Los falsificadores,Stefan Ruzowitzky,2008,5.0,The Counterfeiters,7862,Film,de,98,576,7.365
521,La academia de las musas,José Luis Guerin,2015,5.0,The Academy of Muses,353793,Film,es,92,11,6.7
522,Una pastelería en Tokio,Naomi Kawase,2015,4.0,Sweet Bean,319373,Film,ja,113,491,7.457
523,Los descendientes,Alexander Payne,2012,,The Descendants,65057,Film,en,115,2632,6.832
524,Taxi Teheran,Jafar Panahi,2015,,Taxi,320006,Film,fa,82,395,7.053
525,7 días en La Habana,Laurent Cantet,2012,,7 Days in Havana,94904,Film,es,129,97,5.758
526,Cookie´s Fortune,Robert Altman,1999,,Cookie's Fortune,9465,Film,en,118,157,6.4
527,Gomorra,Mateo Garrone,2008,,Gomorrah,8882,Film,it,136,1149,6.877
528,Paulina,Santiago Mitre,2015,5.0,Paulina,336664,Film,es,103,47,6.372
529,Spotlight,Thomas Mccarthy,2015,4.0,Spotlight,314365,Film,en,129,7903,7.817
530,Sicario,Denis Villeneuve,2015,,Sicario,273481,Film,en,122,8062,7.392
531,La soledad del corredor de fondo,Tony Richardson,1962,,The Loneliness of the Long Distance Runner,16103,Film,en,104,135,7.152
532,La novia,Paula Ortiz,2015,,The Bride,350849,Film,es,93,95,6.732
533,Mother,Bong Joon-ho,2009,,Mother,698885,Documentary,en,20,2,8.0
534,El club,Pablo Larrain,2015,,The Club,319995,Film,es,97,245,6.831
535,Siempre Alice,Richard Glatzer,2014,,Still Alice,284293,Film,en,100,2932,7.501
536,A cambio de nada,Daniel Guzmán,2015,,Nothing in Return,326198,Film,es,97,139,6.396
537,12 años de esclavitud,Steve Mcqueen,2013,,12 Years a Slave,76203,Film,en,134,10829,7.945
538,Dheepan,Jacques Audiard,2015,,Dheepan,314402,Film,fr,115,435,6.848
539,The Imitation Game,Morten Tyldum,2014,,The Imitation Game,205596,Film,en,113,16309,8.006
540,La red social,David Fincher,2010,,The Social Network,37799,Film,en,121,11484,7.4
541,Samaritan Girl,Kim Ki-duk,2004,,Samaritan Girl,1279,Film,ko,95,190,6.937
542,Carol,Todd Haynes,2015,,Carol,258480,Film,en,118,3527,7.496
543,Me and Earl and the Dying Girl,Alfonso Gómez-Rejón,2015,,Me and Earl and the Dying Girl,308369,Film,en,105,2455,7.5
544,El olivo,Iciar Bollaín,2016,,The Olive Tree,366505,Film,es,96,125,6.672
545,El hijo de Saúl,Laszlo Nemes,2015,,Son of Saul,336050,Film,hu,107,1001,7.147
546,Truman,Cesc Gay,2015,4.0,Truman,341744,Film,es,105,358,7.006
547,B (Bárcenas),David Ilundain,2015,4.0,B,346352,Film,es,80,22,6.9
548,Nadie quiere la noche,Isabel Coixet,2015,,Endless Night,320004,Film,en,104,46,6.0
549,Amama,Asier Altuna,2015,4.0,Amama,351095,Film,eu,103,12,6.2
550,Born to be Blue,Robert Budreau,2015,4.0,Born to Be Blue,327528,Film,en,97,194,6.577
551,Return to Homs,Talal Derki,2013,,Return to Homs,238561,Documentary,en,87,67,6.7
552,Breakfast at Tiffany´s,Blake Edwards,1961,,Breakfast at Tiffany's,164,Film,en,115,3984,7.7
553,Difret,Zeresenay Mehary,2014,,Difret,245855,Film,am,96,54,6.2
554,Miles Ahead,Don Cheadle,2016,,Miles Ahead,316000,Film,en,100,211,6.479
555,"Amy, la chica detrás del nombre",Asif Kapadia,2015,,Amy,331781,Documentary,en,128,1137,7.597
556,Citizenfour,Laura Poitras,2014,,Citizenfour,293310,Documentary,en,114,1222,7.741
557,El viento se levanta,Hayao Miyazaki,2013,,The Wind Rises,149870,Film,ja,126,2780,7.786
558,Corazón gigante,Dagur Kari,2015,4.0,Virgin Mountain,320736,Film,is,90,216,7.2
559,El abrazo partido,Daniel Burman,2004,,Lost Embrace,49681,Film,es,99,35,6.3
560,Leviatán,Andrey Zvyagintsev,2014,,Leviathan,265180,Film,ru,141,800,7.402
561,En tierra hostil,Kathryn Bigelow,2008,,The Hurt Locker,12162,Film,en,131,5311,7.259
562,Un lugar donde quedarse,Sam Mendes,2009,,Away We Go,19255,Film,en,98,535,6.618
563,María Estuardo,John Ford,1936,,Mary of Scotland,43875,Film,en,123,30,6.5
564,Theeb (Lobo),Naji Abu Nowar,2014,,Theeb,287628,Film,ar,100,166,6.747
565,Astral,Jordi Évole,2016,,Astral,419412,Documentary,es,102,2,7.2
566,45 años,Andrew Haigh,2015,5.0,45 Years,311291,Film,en,95,698,6.6
567,Les Cowboys,Thomas Bidegain,2015,4.0,Les Cowboys,336811,Film,fr,114,114,6.439
568,A Quiet Passion,Terence Davies,2016,4.0,A Quiet Passion,368942,Film,en,125,169,6.107
569,Requisitos para ser una persona normal,Leticia Dolera,2015,,Requirements to Be a Normal Person,331354,Film,es,90,119,6.458
570,Mejor imposible,James L. Brooks,1997,,As Good as It Gets,2898,Film,en,139,3566,7.393
571,Nuestra hermana pequeña,Hirokazu Kore-Eda,2015,,Our Little Sister,315846,Film,ja,127,430,7.564
572,The Remains of the Day,James Ivory,1993,,The Remains of the Day,1245,Film,en,134,1212,7.365
573,The Quiet American,Philip Noyce,2002,4.0,The Quiet American,8198,Film,en,101,270,6.478
574,My Beautiful Laundrette,Stephen Frears,1985,,My Beautiful Laundrette,11240,Film,en,98,241,6.734
575,Little Buddha,Bernardo Bertolucci,1993,,Little Buddha,1689,Film,en,140,381,6.2
576,Tarde para la ira,Raúl Arévalo,2016,,The Fury of a Patient Man,411638,Film,es,92,410,6.579
577,El viaje de Chihiro,Hayao Miyazaki,2001,,Spirited Away,129,Film,ja,125,15490,8.54
578,"I, Daniel Blake",Ken Loach,2016,,"I, Daniel Blake",374473,Film,en,100,1305,7.742
579,La estación de las mujeres,Leena Yadav,2015,,Parched,352205,Film,hi,116,80,7.35
580,La La Land,Damien Chazelle,2016,5.0,La La Land,313369,Film,en,129,15977,7.899
581,Cuando tienes 17 años,André Téchiné,2016,,Being 17,377154,Film,fr,116,344,6.868
582,La vida de Calabacín,Claude Barras,2016,,My Life as a Zucchini,393559,Film,fr,66,1261,7.805
583,La chica danesa,Tom Hooper,2015,,The Danish Girl,306819,Film,en,119,5569,7.595
584,Regreso a Ítaca,Laurent Cantet,2014,,Return to Ithaca,284290,Film,fr,95,27,6.2
585,El loco del pelo rojo,Vincente Minnelli,1956,,Lust for Life,29592,Film,en,122,176,7.131
586,La fuerza del cariño,James L. Brooks,1983,,Terms of Endearment,11050,Film,en,132,696,7.093
587,Neruda,Pablo Larrain,2016,,Neruda,351454,Film,es,108,245,6.3
588,Elle,Paul Verhoeven,2016,,Elle,337674,Film,fr,130,1766,6.659
589,Negación,Mick Jackson,2016,,Denial,402298,Film,en,109,607,6.833
590,El abrazo de la serpiente,Ciro Guerra,2016,,Embrace of the Serpent,336808,Film,es,125,432,7.664
591,La fiesta de despedida,Sharon Maymon,2014,,The Farewell Party,287483,Film,he,90,47,6.596
592,Lady Macbeth,William Oldroyd,2016,,Lady Macbeth,410117,Film,en,86,709,6.6
593,Mademoiselle,Park Chan-Wook,2016,,"Farewell, My Indian Soldier",481474,Documentary,fr,56,1,6.0
594,Mr. Kaplan,Álvaro Brechner,2014,,Mr. Kaplan,284050,Film,es,98,23,6.2
595,Las vidas de Grace (Short Term 12),Destin Cretton,2013,,Short Term 12,169813,Film,en,96,1225,7.773
596,Big,Penny Marshall,1988,,Big,2280,Film,en,104,3392,7.2
597,Marie Curie,Marie-Noëlle Sehr,2016,,Marie Curie,412204,Film,fr,95,90,5.067
598,El ciudadano ilustre,Gastón Duprat,2016,4.0,The Distinguished Citizen,408537,Film,es,118,236,7.254
599,Relatos salvajes,Damián Szifrón,2014,,Wild Tales,265195,Film,es,122,3172,7.869
600,Mommy,Xavier Dolan,2014,,Mommy,265177,Film,fr,138,2593,8.25
601,La mejor oferta,Giuseppe Tornatore,2013,,The Best Offer,152742,Film,it,131,2710,7.838
602,Timbuktu,Abderrahmane Sissako,2014,,Timbuktu,265228,Film,fr,96,442,6.964
603,Gigante,Adrian Biniez,2009,,Giant,39488,Film,es,88,21,6.286
604,The Trip,Michael Winterbottom,2010,,The Trip,63578,Film,en,107,267,6.725
605,Los caballeros blancos,Joachim Lafosse,2015,,The White Knights,334918,Film,fr,112,40,5.6
606,Anomalisa,Charlie Kaufman,2015,,Anomalisa,291270,Film,en,90,1619,7.131
607,Gandhi,Richard Attenborough,1982,,Gandhi,783,Film,en,191,2170,7.546
608,Con la pata quebrada,Diego Galán,2013,,Barefoot in the Kitchen,218681,Documentary,es,84,3,6.0
609,Sparrows,Runar Runarsson,2015,4.0,Sparrows,334922,Film,is,99,34,6.5
610,"Taro, el eco de César Manrique",Miguel G. Morales,2012,,,,,,,,
611,Marina Abramovich,Matthew Akers,2013,,,,,,,,
612,Mapa,Elías León Siminiani,2012,,Map,160777,Film,es,85,6,5.2
613,Lisboa Story,Wim Wenders,1994,,Lisbon Story,390,Film,en,100,104,7.212
614,InnSaei,Kristin Olafsdottir,2016,,InnSæi,431242,Documentary,en,74,23,7.0
615,Mystery Train,Jim Jarmusch,1989,,Mystery Train,11305,Film,en,106,403,7.3
616,Frágil equilibrio,Guillermo García López,2016,,Delicate Balance,428690,Documentary,es,83,2,8.5
617,Los amantes del Pont Neuf,Leox Carax,1991,,The Lovers on the Bridge,2767,Film,fr,125,286,7.388
618,Inside Out,Pete Docter,2015,,Inside Out,150540,Film,en,95,19984,7.919
619,Verano de 1993,Carla Simón,2017,4.0,Summer 1993,438634,Film,ca,96,181,7.086
620,Paterson,Jim Jarmusch,2016,5.0,Paterson,370755,Film,en,118,1777,7.108
621,Manchester by the sea,Kenneth Lonergan,2016,,Manchester by the Sea,334541,Film,en,138,5559,7.545
622,La chica desconocida,Jean-Pierre Dardenne,2016,,The Unknown Girl,340481,Film,fr,106,375,6.176
623,Handia,Jon Garaño,2017,,The Giant,421560,Film,eu,114,136,6.6
624,El viajante,Asghar Farhadi,2017,,The Salesman,375315,Film,fa,125,803,7.265
625,Rosalie Blum,Julien Rappeneau,2015,,Rosalie Blum,381353,Film,fr,97,108,6.398
626,Life Aquatic,Wes Anderson,2005,,The Life Aquatic with Steve Zissou,421,Film,en,119,2708,7.096
627,La llegada,Denis Villeneuve,2016,,Arrival,329865,Film,en,116,16927,7.595
628,Mustang,Deniz G. Ergüven,2015,,Mustang,336804,Film,tr,97,1314,7.774
629,El otro lado de la esperanza,Aki Kaurismäki,2017,,The Other Side of Hope,429199,Film,fi,101,287,7.002
630,Rams,Grímur Hakonarson,2015,,Rams,336222,Film,is,93,258,6.965
631,The Lobster,Giorgo Lanthimos,2015,,The Lobster,254320,Film,en,119,5756,7.043
632,David Lynch: The Art Life,Jon Nguyen,2017,,David Lynch: The Art Life,413765,Documentary,en,89,175,6.9
633,Fuego en el mar,Gianfranco Rosi,2016,,Fire at Sea,377151,Documentary,it,114,230,6.7
634,Tribunal,Chaitanya Tamhane,2014,4.0,Runaway Jury,11329,Film,en,127,1180,6.938
635,Loving,Jeff Nichols,2016,,Loving,339419,Film,en,123,879,6.697
636,Eden,Mia Hansen-Love,2014,5.0,Eden,360339,Film,en,97,57,5.175
637,La invitación,Karyn Kusama,2015,5.0,La invitación del presidente,329631,Film,es,0,0,0.0
638,El hombre de las mil caras,Alberto Rodriguez,2016,,Smoke & Mirrors,361777,Film,es,123,226,6.454
639,Jackie,Pablo Larrain,2016,,Jackie,376866,Film,en,100,2224,6.5
640,Pelo malo,Mariana Rondón,2013,,Bad Hair,214138,Film,es,93,53,6.6
641,Captain Fantastic,Matt Ross,2016,,Captain Fantastic,334533,Film,en,118,6143,7.914
642,"Right Now, Wrong Then",Sang-soo Hong,2015,5.0,"Right Now, Wrong Then",354275,Film,ko,121,139,6.9
643,Yourself and Yours,Sang-soo Hong,2016,5.0,Yourself and Yours,410678,Film,ko,87,45,6.2
644,Renoir,Gilles Bourdos,2012,,Renoir,134673,Film,fr,111,121,6.3
645,La librería,Isabel Coixet,2017,,The Bookshop,444539,Film,en,110,409,6.499
646,In Another Country,Sang-soo Hong,2012,,In Another Country,103753,Film,ko,89,104,6.178
647,Victoria,Sebastian Schipper,2015,,Victoria,320007,Film,de,138,1137,7.646
648,Perfectos desconocidos,Alex De La Iglesia,2017,,Perfect Strangers,435126,Film,es,101,614,6.701
649,I Am Not Your Negro,Raoul Peck,2017,,I Am Not Your Negro,411019,Documentary,en,93,444,7.716
650,Dunkerque,Christopher Nolan,2017,,Dunkirk,374720,Film,en,107,15792,7.455
651,El estudiante,Santiago Mitre,2011,,El estudiante,48502,Film,es,95,56,7.58
652,Princesa,Lee Su-jin,2013,,Uta no☆Prince-sama♪ Maji Love 2000%: Shining Star Xmas,582665,Film,ja,22,2,5.5
653,Un minuto de gloria,Kristina Gorzeva,2016,,Glory,408293,Film,bg,101,58,7.284
654,Irrational Man,Woody Allen,2015,,Irrational Man,282984,Film,en,95,2290,6.534
655,No Direction Home,Martin Scorsese,2005,,No Direction Home: Bob Dylan,19082,Documentary,en,208,114,7.7
656,La camarera Lynn,Ingo Haeb,2014,,The Chambermaid Lynn,293069,Film,de,89,20,5.2
657,Blue Jasmine,Woody Allen,2013,,Blue Jasmine,160588,Film,en,99,3284,6.995
658,El autor,Manuel Martín Cuenca,2017,5.0,The Motive,437036,Film,es,104,257,6.212
659,El porvenir,Mia Hansen-Love,2016,4.0,Things to Come,374465,Film,fr,102,296,6.6
660,La tortuga roja,Michael Dudok De Wit,2016,,The Red Turtle,337703,Film,fr,80,1188,7.487
661,Tres anuncios en las afueras,Martin Mcdonagh,2017,,"Three Billboards Outside Ebbing, Missouri",359940,Film,en,115,9642,8.078
662,El sacrificio de un ciervo sagrado,Giorgo Lanthimos,2017,,The Killing of a Sacred Deer,399057,Film,en,121,3617,7.025
663,80 egunean,Jon Garaño,2010,,For 80 Days,150664,Film,eu,104,14,5.821
664,Personal Shopper,Olivier Assayas,2016,,Personal Shopper,340676,Film,en,106,1156,5.91
665,Últimos días en el desierto,Rodrigo García,2016,,Last Days in the Desert,310119,Film,en,98,154,5.7
666,Jack Goes Boating,Philip Seymour Hoffman,2010,,Jack Goes Boating,43943,Film,en,91,110,5.886
667,Errementari,Paul Urquijo,2017,,Errementari: The Blacksmith and the Devil,477033,Film,eu,98,507,6.352
668,El seductor,Sofia Coppola,2017,,The Beguiled,399019,Film,en,93,2047,5.9
669,La profesora de parvulario,Nadav Lapid,2014,,The Kindergarten Teacher,270646,Film,en,120,30,6.3
670,El cartero de las noches blancas,Andrei Konchalovsky,2014,,The Postman's White Nights,283703,Film,ru,90,37,6.811
671,La forma del agua,Guillermo del Toro,2018,,The Shape of Water,399055,Film,en,123,11689,7.248
672,The Square,Ruben Östlund,2017,5.0,The Square,401246,Film,sv,151,1459,6.767
673,Un tipo serio,Coen,2009,,A Serious Man,12573,Film,en,106,1964,6.7
674,Air Doll,Hirokazu Kore-Eda,2009,,Air Doll,25053,Film,ja,112,224,6.996
675,Fuerza mayor,Ruben Östlund,2014,5.0,Force Majeure,265189,Film,sv,120,966,6.867
676,Alanis,Anahí Berneri,2017,,Alanis,472035,Film,es,82,39,6.3
677,Recuerdos del ayer,Isao Takahata,1991,,Only Yesterday,15080,Film,ja,119,1009,7.353
678,El secreto de Esma,Jasmila Zbanic,2006,,Grbavica: The Land of My Dreams,317,Film,bs,90,63,7.0
679,El amante doble,François Ozon,2017,,Double Lover,451955,Film,fr,108,500,6.084
680,Wakolda,Lucía Puenzo,2013,,The German Doctor,188761,Film,es,90,137,6.489
681,La segunda mujer,Umut Dag,2012,,Kuma: The Second Wife,133250,Film,de,93,14,6.9
682,The Lady in the Van,Nicholas Hytner,2015,,The Lady in the Van,328589,Film,en,104,682,6.422
683,Locke,Steven Knight,2013,,Locke,210479,Film,en,85,2534,6.9
684,Campeones,Javier Fesser,2018,,Champions,456929,Film,es,124,702,7.54
685,120 latidos por minuto,Robin Campillo,2017,,BPM (Beats per Minute),451945,Film,fr,135,1299,7.732
686,Siempre feliz,Anne Sewitsky,2010,4.0,"Happy, Happy",46147,Film,no,80,40,5.9
687,Hacia la luz,Naomi Kawase,2017,,Radiance,444428,Film,ja,101,81,6.679
688,El insulto,Ziad Doueiri,2017,,The Insult,468284,Film,fr,112,440,7.509
689,"De tal padre, tal hijo",Hirokazu Kore-Eda,2013,,"Like Father, Like Son",177945,Film,ja,120,636,7.658
690,"En realidad, nunca estuviste aquí",Lynne Ramsay,2018,,You Were Never Really Here,398181,Film,en,89,2630,6.561
691,El bar,Alex De La Iglesia,2017,,The Bar,420648,Film,es,102,1247,6.318
692,"Oslo, 31 de agosto",Joachim Trier,2011,5.0,"Oslo, August 31st",75233,Film,no,94,389,7.45
693,El amor es más fuerte que las bombas,Joachim Trier,2015,,Louder Than Bombs,157827,Film,en,105,302,6.46
694,The Disaster Artist,James Franco,2017,4.0,The Disaster Artist,371638,Film,en,104,3376,7.113
695,En la playa sola de noche,Sang-soo Hong,2017,,On the Beach at Night Alone,434773,Film,ko,101,125,6.536
696,A cielo abierto,Mariana Otero,2014,,À ciel ouvert,224918,Documentary,fr,110,1,7.0
697,Después de la tormenta,Hirokazu Kore-Eda,2016,,After the Storm,374671,Film,ja,117,306,7.227
698,Calvary,John Michael Mcdonagh,2014,,Calvary,157832,Film,en,102,895,7.112
699,Kedi (Gatos de Estambul),Ceyda Torun,2016,,Kedi,392011,Documentary,tr,79,295,7.595
700,Into the Wild,Sean Penn,2007,,Into the Wild,5915,Film,en,148,9193,7.808
701,El tercer asesinato,Hirokazu Kore-Eda,2017,,The Third Murder,434775,Film,ja,125,231,6.6
702,The Way,Emilio Estévez,2010,,The Way,59468,Film,en,128,537,7.111
703,Tres en el Camino,Laurence Boulting,2004,,Within the Way Without,140989,Film,es,0,1,2.0
704,El hilo invisible,Paul Thomas Anderson,2017,5.0,Phantom Thread,400617,Film,en,130,3294,7.3
705,Custodia compartida,Xavier Legrand,2017,,Custody,451657,Film,fr,93,602,7.546
706,El festín de Babette,Gabriel Axel,1987,4.0,Babette's Feast,11832,Film,da,102,361,7.244
707,Ficción,Cesc Gay,2006,,Stranger Than Fiction,1262,Film,en,113,2146,7.271
708,Five days to dance,Rafa Molés,2014,,Five Days to Dance,303788,Documentary,es,79,4,5.8
709,Que dios nos perdone,Rodrigo Sorogoyen,2016,,May God Save Us,394684,Film,es,127,410,6.734
710,Lucky,John Carroll Lynch,2017,,Lucky,407449,Film,en,88,532,7.361
711,The Florida Project,Sean Baker,2017,,The Florida Project,394117,Film,en,112,2573,7.414
712,Call Me By Your Name,Luca Guadagnino,2017,,Call Me by Your Name,398818,Film,en,132,11579,8.2
713,Thelma,Joachim Trier,2017,4.0,Thelma,401898,Film,no,116,957,6.858
714,Tomboy,Céline Sciamma,2011,4.0,Tomboy,65229,Film,fr,82,655,7.3
715,"Visages, villages",Agnès Varda,2017,5.0,Faces Places,451995,Documentary,fr,94,362,7.674
716,El taller de escritura,Laurent Cantet,2017,,The Workshop,444397,Film,fr,114,122,5.947
717,La chica dormida,Rosemary Myers,2015,,Girl Asleep,364540,Film,en,77,102,6.265
718,Declaración de guerra,Valérie Donzelli,2011,,Declaration of War,73562,Film,fr,100,182,7.113
719,Tenemos de hablar de Kevin,Lynne Ramsay,2011,,We Need to Talk About Kevin,71859,Film,en,113,2653,7.557
720,Amante por un día,Philippe Garrel,2017,,Lover for a Day,434131,Film,fr,76,74,6.2
721,Heartstone,Arnar Guomundsson,2016,,Heartstone,350060,Film,is,129,148,7.2
722,Mr. Turner,Mike Leigh,2014,,Mr. Turner,245700,Film,en,150,491,6.542
723,Alma mater,Philippe van Leeuw,2017,,In Syria,441646,Film,ar,85,73,6.6
724,Western,Valesa Grisebach,2017,,Western,452000,Film,de,121,94,6.622
725,Un día de furia,Joel Schumacher,1993,,Falling Down,37094,Film,en,113,3430,7.381
726,La cámara de Claire,Sang-soo Hong,2018,,Claire's Camera,432507,Film,fr,69,59,6.051
727,Una receta familiar,Eric Khoo,2018,,Una receta familiar,741618,Film,es,11,0,0.0
728,The Leisure Seeker,Paolo Virzi,2017,,The Leisure Seeker,449749,Film,en,112,448,7.081
729,Happy End,Michael Haneke,2017,,Happy End,399031,Film,fr,110,365,6.149
730,Francofonia,Alexandr Sokurov,2015,,Francofonia,296449,Film,fr,87,68,6.6
731,Hermosa juventud,Jaime Rosales,2014,,Beautiful Youth,266065,Film,es,102,26,6.0
732,Petra,Jaime Rosales,2018,,Petra,449020,Film,es,107,37,6.4
733,Mapa de los sonidos de Tokio,Isabel Coixet,2009,,Map of the Sounds of Tokyo,46458,Film,en,109,53,5.0
734,Comanchería,David Mackenzie,2016,,Hell or High Water,338766,Film,en,102,4235,7.3
735,Dolphin Man,Lefteris Charitos,2017,,Dolphin Man,480147,Documentary,en,87,11,7.2
736,Isla de perros,Wes Anderson,2018,,Isle of Dogs,399174,Film,en,101,4594,7.9
737,Lolo Rico: la mirada no inventada,Julio Suárez,2015,,,,,,,,
738,El reino,Rodrigo Sorogoyen,2018,4.0,The Realm,517331,Film,es,132,409,7.1
739,Goodbye Berlin (Tschick),Fatih Akin,2016,,Goodbye Berlin,384664,Film,de,93,269,6.721
740,La ley del mercado,Stéphane Brizé,2015,5.0,The Measure of a Man,329712,Film,fr,93,325,6.562
741,Un día más con vida,Raúl de la Fuente,2018,,Another Day of Life,378107,Documentary,en,86,99,7.46
742,The End of the Tour,James Ponsoldt,2015,,The End of the Tour,249688,Film,en,106,521,7.083
743,Paradiso,Omar A. Razzak,2014,,Paradiso,263612,Film,es,0,2,6.0
744,The Party,Sally Potter,2017,,The Party,415401,Film,en,71,499,6.351
745,Lady Bird,Greta Gerwig,2017,,Lady Bird,391713,Film,en,94,8039,7.272
746,Deux Cancres,Ludovic Vieuille,2017,,Deux Cancres,462185,Documentary,en,60,1,7.0
747,Cold War,Pawel Pawlikowski,2018,,Cold War,440298,Film,pl,88,1407,7.457
748,Ganar al viento,Anne-Dauphine Julliand,2016,,Et les mistrals gagnants,433919,Documentary,fr,79,49,8.2
749,El camino más largo para volver a casa,Sergi Pérez,2015,,The Long Way Home,299250,Film,ca,80,10,7.0
750,Un asunto de familia,Hirokazu Kore-Eda,2018,,Tegui: Un asunto de familia,878740,Documentary,es,0,0,0.0
751,Frank,Lenny Abrahamson,2014,,Frank,171372,Film,en,95,1536,6.876
752,Jainkoak ez dit barkatzen,Josu Martínez,2018,,God Doesn't Forgive Me,585209,Documentary,eu,60,0,0.0
753,Lean On Pete,Andrew Haigh,2017,,Lean on Pete,407890,Film,en,121,310,6.927
754,Viaje al cuarto de una madre,Celia Rico,2018,4.0,Journey to a Mother's Room,533989,Film,es,90,36,6.4
755,Las normas de la casa de la sidra,Lasse Hallström,1999,,The Cider House Rules,1715,Film,en,126,1087,7.023
756,Aquí y allá,Antonio Méndez Esparza,2012,,Here and There,121211,Film,es,110,16,6.6
757,Pelle el conquistador,Bille August,1987,,Pelle the Conqueror,11174,Film,da,157,137,7.3
758,The Rider,Chloé Zhao,2017,,The Rider,453278,Film,en,103,461,7.3
759,Bienvenida a Montparnasse,Léonor Serraille,2017,,Jeune Femme,452016,Film,fr,97,95,5.9
760,Mudar la piel,Ana Schulz,2018,,The Spy Within,538092,Documentary,es,89,1,7.0
761,La isla de los monjes,Anne Christine Girardot,2017,4.0,The Island of the Monks,684341,Documentary,nl,70,1,8.0
762,María (y los demás),Nely Reguera,2016,,María (and Everybody Else),415396,Film,es,90,27,5.9
763,No estoy hecho para ser amado,Stéphane Brizé,2005,,Not Here to Be Loved,537,Film,fr,93,26,6.7
764,Lázaro feliz,Alice Rohrwacher,2018,,Happy as Lazzaro,481432,Film,it,128,633,7.39
765,Dolor y gloria,Pedro Almodóvar,2019,,Pain and Glory,519010,Film,es,114,1694,7.411
766,Girl,Lukas Dhont,2018,5.0,Girl,515916,Film,nl,105,687,7.173
767,Futuro perfecto,Nele Wohlatz,2016,,The Future Perfect,408376,Film,es,65,17,6.2
768,Lyubov: Love in Russian,Julen Staffan,2017,4.0,Lyubov: Love in Russian,482454,Documentary,ru,89,0,0.0
769,Los hermanos Sisters,Jacques Audiard,2018,,The Sisters Brothers,440161,Film,en,121,1819,6.818
770,Carmen y Lola,Arantxa Echevarría,2018,,Carmen & Lola,519091,Film,es,103,147,6.973
771,Toy Story 4,Josh Cooley,2019,,Toy Story 4,301528,Film,en,100,9292,7.509
772,Oreina,Koldo Almandoz,2018,,The Deer,529213,Film,eu,88,4,6.0
773,Entre dos aguas,Isaki Lacuesta,2018,4.0,Between Two Waters,536808,Film,es,135,22,6.3
774,Tres caras,Jafar Panahi,2018,,3 Faces,517731,Film,fa,100,121,6.76
775,Dogman,Matteo Garrone,2018,,Dogman,483184,Film,it,103,2101,7.552
776,Of Fathers and Sons,Talal Derki,2017,,Of Fathers and Sons,488740,Documentary,ar,99,53,7.0
777,Mi obra maestra,Gastón Duprat,2018,,My Masterpiece,535692,Film,es,100,168,7.3
778,Las distancias,Elena Trapé,2018,,The Distances,441583,Film,ca,100,37,5.351
779,El león duerme esta noche,Nobuhiro Suwa,2018,,The Lion Sleeps Tonight,475954,Film,fr,103,18,6.972
780,La novia del desierto,Cecilia Atán,2017,,The Desert Bride,451985,Film,es,78,22,6.1
781,Tully,Jason Reitman,2018,,Tully,400579,Film,en,96,1356,6.794
782,Revolutionary Road,Sam Mendes,2008,,Revolutionary Road,4148,Film,en,119,3630,6.977
783,Orlando,Sally Potter,1993,4.0,Orlando,9300,Film,en,90,291,6.9
784,El cuento de las comadrejas,Juan José Campanella,2019,,The Weasel's Tale,574088,Film,es,129,144,7.639
785,La lección,Kristina Grozeva,2014,,The Piano,713,Film,en,117,1396,7.4
786,Los días que vendrán,Carlos Marques,2019,,The Days to Come,575440,Film,ca,95,17,6.1
787,Cafarnaum,Nadine Labaki,2019,,Capernaum,517814,Film,ar,126,1583,8.166
788,Mientras dure la guerra,Alejandro Amenábar,2019,,While at War,542921,Film,es,108,264,7.123
789,The Breadwinner,Nora Twomey,2017,,The Breadwinner,435129,Film,en,94,779,7.855
790,Las herederas,Marcelo Martinessi,2018,,The Heiresses,499152,Film,es,95,74,6.5
791,La trinchera infinita,Jon Garaño,2019,,The Endless Trench,542928,Film,es,148,230,6.907
792,Joker,Todd Phillips,2019,,Joker,475557,Film,en,122,24056,8.164
793,La última lección,Sébastien Marnier,2018,,School's Out,475928,Film,fr,100,272,6.046
794,Pájaros de verano,Cristina Gallego,2018,,Birds of Passage,438146,Film,es,125,269,7.286
795,La caída del imperio americano,Denys Arcand,2019,,The Fall of the American Empire,515047,Film,fr,127,174,6.563
796,"Muchos hijos, un mono y un castillo",Gustavo Salmerón,2017,,"Lots of Kids, a Monkey and a Castle",473176,Documentary,es,91,44,7.148
797,Varda por Agnès,Agnès Varda,2019,,Varda by Agnès,554967,Documentary,fr,115,67,7.9
798,Rebeca,Alfred Hitchcock,1940,,Rebecca,223,Film,en,130,1643,7.914
799,Bar Bahar,Maysaloun Hamoud,2016,,In Between,412203,Film,ar,103,115,7.1
800,Locas de alegría,Paolo Virzi,2016,,Like Crazy,380225,Film,it,116,848,7.426
801,El irlandés,Martin Scorsese,2019,5.0,The Irishman,398978,Film,en,209,6406,7.612
802,Border,Ali Abbasi,2018,,Border,897661,Film,fr,1,0,0.0
803,En busca del Óscar,Octavio Guerra,2018,4.0,Searching for Oscar,501152,Documentary,es,73,4,4.5
804,Trinta lumes,Diana Toucedo,2017,,Thirty Souls,482694,Documentary,es,80,4,5.8
805,El sirviente,Joseph Losey,1963,,The Servant,42987,Film,en,116,298,7.5
806,Ventajas de viajar en tren,Aritz Moreno,2019,,Advantages of Travelling by Train,587986,Film,es,104,146,6.438
807,Amazing Grace,Aretha Franklin,2019,,Amazing Grace,356199,Documentary,en,87,91,7.1
808,1917,Sam Mendes,2019,4.0,1917,530915,Film,en,119,11694,7.992
809,O que arde,Oliver Laxe,2019,,Fire Will Come,575561,Film,gl,85,95,6.4
810,Cantábrico,Joaquín Gutiérrez Acha,2017,,Cantábrico,449863,Documentary,es,97,17,7.0
811,Un doctor en la campiña,Thomas Lilti,2016,,The Country Doctor,375950,Film,fr,102,211,6.209
812,Hipócrates,Thomas Lilti,2014,,Hippocrates,271724,Film,fr,101,456,6.5
813,Historia de un matrimonio,Noah Baumbach,2019,,Marriage Story,492188,Film,en,137,6619,7.7
814,Memento mori,Richard Zubelzu,2019,,Memento Mori,631427,Film,en,9,1,10.0
815,Notes on Blindness,Pete Middleton,2019,,Notes on Blindness,378441,Documentary,en,90,65,6.969
816,La tumba de las luciérnagas,Isao Takahata,2003,,Grave of the Fireflies,12477,Film,ja,89,5087,8.5
817,Hitchcock/Truffaut,Kent Jones,2016,,Hitchcock/Truffaut,339751,Documentary,en,81,224,7.306
818,Parásitos,Joon-ho Bong,2019,,Parasite,496243,Film,ko,133,17057,8.512
819,Wendy&Lucy,Kelly Reichardt,2008,5.0,Wendy and Lucy,8942,Film,en,81,287,6.9
820,Old Joy,Kelly Reichardt,2006,5.0,Old Joy,26518,Film,en,73,159,6.362
821,El amor menos pensado,Juan Vera,2018,,An Unexpected Love,535683,Film,es,136,58,6.379
822,Barbara,Christian Petzold,2012,,Barbara,88284,Film,de,105,290,7.2
823,Una mujer fantástica,Sebastián Leilo,2017,,A Fantastic Woman,429191,Film,es,104,659,7.056
824,Amerikanuak,Nacho Reig,2010,,Amerikanuak,449376,Documentary,eu,92,0,0.0
825,When Tomatoes Met Wagner,Marianna Economou,2019,5.0,When Tomatoes Met Wagner,581377,Documentary,el,72,3,7.2
826,The Rise of Jordan Peterson,Patricia Marcoccia,2019,,The Rise of Jordan Peterson,626595,Documentary,en,90,22,6.455
827,Enemy,Denis Villeneuve,2013,,Enemy,181886,Film,en,91,5512,6.88
828,Finding Vivian Maier,John Maloof,2014,4.0,Finding Vivian Maier,169607,Documentary,en,83,284,7.539
829,El somni,Christophe Farnarier,2008,,A Dream,98385,Film,en,77,4,5.2
830,Free Solo,Jimmy Chin,2018,,Free Solo,515042,Documentary,en,100,1229,7.917
831,Lázaro de Tormes,Fernando Fernán Gómez,2001,,Lázaro de Tormes,187915,Film,es,88,4,5.2
832,Diario de una camarera,Luis Buñuel,1964,,Diary of a Chambermaid,36245,Film,fr,97,188,7.1
833,El último verano,Leire Apellaniz,2016,,El último verano,411034,Film,es,86,0,0.0
834,El inadaptado,Jens Lien,2006,,Adaptation.,2757,Film,en,115,2315,7.375
835,Los viajes de Sullivan,Preston Sturges,1941,,Sullivan's Travels,16305,Film,en,91,417,7.43
836,Nomad,Werner Herzog,2019,4.0,"Jongué, A Nomad’s Journey",726233,Documentary,fr,81,0,0.0
837,Los exámenes,Cristian Mungiu,2016,,Graduation,374458,Film,ro,128,264,6.778
838,Les Misérables,Ladj Ly,2019,,Les Misérables,4415,Film,en,134,572,7.203
839,Akelarre,Pablo Agüero,2020,,Coven,655187,Film,eu,92,273,6.685
840,Retrato de una mujer en llamas,Céline Sciamma,2019,4.0,Portrait of a Lady on Fire,531428,Film,fr,120,2319,8.2
841,Honeyland,Tamara Kotevska,2019,,Honeyland,566213,Documentary,mk,89,257,7.938
842,Rifkin’s Festival,Woody Allen,2020,,Rifkin's Festival,606876,Film,en,92,409,6.175
843,Sorry We Missed You,Ken Loach,2019,,Sorry We Missed You,522369,Film,en,101,686,7.372
844,Las niñas,Pilar Palomero,2020,,Schoolgirls,619443,Film,es,97,107,6.612
845,"Papicha, sueños de libertad",Mounia Meddour,2019,,Papicha,592807,Film,fr,108,245,7.643
846,"Hi, AI",Isa Willinger,2019,,"Hi, A.I.",577117,Documentary,de,90,6,6.2
847,Temblores,Jayro Bustamante,2020,,Tremors,515357,Film,es,107,31,6.629
848,Sin señas particulares,Fernanda Valadez,2020,,Identifying Features,653658,Film,es,95,57,7.096
849,Meseta,Juan Palacios,2019,,Inland,590454,Documentary,es,91,0,0.0
850,Josep,Aurel,2020,,Josep,680952,Film,fr,71,109,7.55
851,Deseando amar,Wong Kar-wai,2000,,In the Mood for Love,843,Film,cn,99,2461,8.112
852,Para Sama,Waad Al-Kateab,2019,,For Sama,576017,Documentary,en,100,257,8.253
853,Volver a empezar (Herself),Phyllida Lloyd,2020,,Herself,653708,Film,en,97,89,6.775
854,La Haine (El odio),Mathieu Kassovitz,1995,,La Haine,406,Film,fr,98,3764,8.092
855,Kajillionaire,Miranda July,2020,,Kajillionaire,541305,Film,en,105,415,6.28
856,Nomadland,Chloé Zhao,2020,5.0,Nomadland,581734,Film,en,108,2771,7.223
857,Una niña,Sébastien Lifshitz,2020,,The Reality of Confinement with a four-year-old,770308,Documentary,ca,6,0,0.0
858,Falling,Vigo Mortensen,2020,,Falling,554761,Film,en,112,181,6.53
859,Memories of Murder,Joon-ho Bong,2003,,Memories of Murder,11423,Film,ko,131,3487,8.069
860,Otra ronda (Another Round),Thomas Vinterberg,2020,5.0,Another Round,580175,Film,da,117,2955,7.648
861,Maixabel,Iciar Bollaín,2021,,Maixabel,814312,Film,es,115,90,7.167
862,First Cow,Kelly Reichardt,2019,4.0,First Cow,558582,Film,en,122,433,7.085
863,Zumiriki,Oskar Alegría,2019,4.0,Zumiriki,618222,Documentary,eu,122,0,0.0
864,La mujer que escapó,Sang-soo Hong,2020,,The Woman Who Ran,662401,Film,ko,77,81,6.506
865,Petite Maman,Céline Sciamma,2021,4.0,Petite maman,749004,Film,fr,72,331,7.154
866,Titane,Julia Ducournau,2021,,Titane,630240,Film,fr,108,1270,6.4
867,Libertad,Clara Roquet,2021,,Libertad,655181,Film,es,109,20,5.925
868,The French Dispatch,Wes Anderson,2021,,The French Dispatch,542178,Film,en,108,2355,7.1
869,Noche de fuego,Tatiana Huezo,2021,,Prayers for the Stolen,670981,Film,es,110,123,7.703
870,Seis días corrientes,Neus Ballús,2021,5.0,The Odd-Job Men,846790,Documentary,ca,85,10,7.5
871,Drive my car,Ryusuke Hamaguchi,2021,4.0,Drive My Car,758866,Film,ja,179,1109,7.4
872,Licorice Pizza,Paul Thomas Anderson,2021,,Licorice Pizza,718032,Film,en,133,2047,6.996
873,Las ilusiones perdidas,Xavier Giannoli,2021,,Lost Illusions,660000,Film,fr,149,447,7.5
874,El caso Fischer,Edward Zwick,2015,,Cuarenta balas: El caso Fischer-Bufano,616333,Documentary,es,120,3,5.0
875,La vida secreta de los árboles,Jörg Adolf,2020,,The Hidden Life of Trees,662155,Documentary,de,101,18,7.2
876,Alcarrás,Carla Simón,2022,,Alcarràs,804251,Film,ca,120,163,6.911
877,Roma,Alfonso Cuarón,2018,,Roma,426426,Film,es,135,3765,7.667
878,El buen patrón,Fernando León De Aranoa,2021,,The Good Boss,820722,Film,es,120,348,7.019
879,Intemperie,Benito Zambrano,2019,,Out in the Open,630018,Film,es,103,82,6.555
880,Lucio,José Mari Goenaga,2007,,Lucio,81458,Documentary,es,93,12,7.417
881,¡Lumière! Comienza la aventura,Thierry Fremaux,2016,,Lumière!,411003,Documentary,fr,90,59,7.9
882,El hijo del acordeonista,Fernando Bernués,2019,,The Accordionist's Son,587270,Film,eu,95,2,5.0
883,Hil kanpaiak,Imanol Rayo,2020,,Death Knell,736216,Film,eu,95,4,5.5
884,A Hero,Asghar Farhadi,2021,5.0,Dragon Ball GT: A Hero's Legacy,18095,Film,ja,45,304,6.76
885,La peor persona del mundo,Joachim Trier,2021,,The Worst Person in the World,660120,Film,no,128,1147,7.5
886,Benediction,Terence Davies,2021,,Benediction,399178,Film,en,137,43,6.5
887,El acontecimiento,Audrey Diwan,2021,,Happening,793998,Film,fr,100,355,7.224
888,Vasil,Avelina Prat,2022,,Vasil,1030054,Film,es,93,20,6.4
889,Fire of Love,Sara Dosa,2022,,Fire of Love,913823,Documentary,en,93,178,7.5
890,As bestas,Rodrigo Sorogoyen,2022,,The Beasts,848685,Film,gl,138,577,7.536
891,Sintiéndolo mucho,Fernando León De Aranoa,2022,,Feeling It,1007698,Documentary,es,126,10,7.5
892,Vórtex,Gaspar Noé,2021,,Vortex,807070,Film,fr,142,190,7.19
893,Suro,Mikel Gurrea,2022,,Suro,835268,Film,ca,116,28,6.6
894,Minari,Lee Isaac Chung,2020,,Minari,615643,Film,en,115,1482,7.36
895,La emperatriz rebelde,Marie Kreutzer,2022,,Corsage,888321,Film,de,114,168,6.318
896,En un muelle de Normandía,Emmanuel Carrère,2021,4.0,Between Two Worlds,601188,Film,fr,107,124,6.923
897,Red Rocket,Sean Baker,2021,4.0,Red Rocket,763329,Film,en,130,367,6.722
898,"Una noche, un año",Isaki Lacuesta,2022,4.0,"One Year, One Night",769466,Film,es,130,34,6.235
899,Mantícora,Carlos Vermut,2022,5.0,Manticore,760158,Film,es,115,30,7.1
900,The Whale,Darren Aronofsky,2022,,The Whale,785084,Film,en,117,3362,7.897
901,Aftersun,Charlotte Wells,2022,,Aftersun,965150,Film,en,102,1061,7.7
902,Irati,Paul Urkijo,2022,,Irati,726274,Film,eu,112,73,6.7
903,El triángulo de la tristeza,Ruben Östlund,2022,,Triangle of Sadness,497828,Film,en,147,1846,7.11
904,Cerdita,Carlota Pereda,2022,,Piggy,848058,Film,es,99,509,6.679
905,"Everything, Everywhere, all at Once",Daniels,2022,,Everything Everywhere All at Once,545611,Film,en,140,5731,7.808
906,Los Fabelman,Steven Spielberg,2022,4.0,The Fabelmans,804095,Film,en,151,2001,7.673
907,The Quiet Girl,Colm Bairéad,2022,4.0,The Quiet Girl,916405,Film,ga,94,306,7.5
908,Almas en pena de Inisherin,Martin McDonagh,2022,4.0,The Banshees of Inisherin,674324,Film,en,114,2366,7.463
909,El faro,Robert Eggers,2019,,The Lighthouse,503919,Film,en,109,4519,7.5
910,Destinos,Stephan Komandarev,2017,,Directions,451988,Film,bg,103,27,6.907
911,Loli Tormenta,Agustí Villaronga,2023,,Loli Tormenta,1077399,Film,es,94,7,5.167
912,Una bonita mañana,Mia Hansen-Løve,2022,4.0,One Fine Morning,747779,Film,fr,113,96,6.7
913,Preparativos para estar juntos…,Lili Horvát,2020,,Preparations to Be Together for an Unknown Period of Time,727002,Film,hu,95,27,6.6
914,Pig,Michael Sarnoski,2021,,Pig,635731,Film,en,92,1210,6.674
915,Modelo 77,Alberto Rodriguez,2022,,Prison 77,913991,Film,es,125,129,7.2
916,Barbie,Greta Gerwig,2023,,Barbie,346698,Film,en,114,7254,7.13
917,Gracias a Dios,François Ozon,2018,,By the Grace of God,509364,Film,fr,137,519,7.158
918,Donbass,Serguéi Loznitsa,2018,,Donbass,562889,Documentary,fr,57,10,5.7
919,Intocable,Olivier Nakache,2011,,The Intouchables,77338,Film,fr,113,16499,8.28
920,Coda,Sian Heder,2021,,CODA,776503,Film,en,112,2031,7.948
921,Close,Lukas Dhont,2022,4.0,Close,901563,Film,fr,104,580,7.8
922,La juventud,Paolo Sorrentino,2015,,Youth,310593,Film,it,125,1950,6.905
923,Vidas pasadas,Celine Song,2023,4.0,Past Lives,666277,Film,en,106,654,7.895
924,Family Romance,Werner Herzog,2019,4.0,"Family Romance, LLC",595900,Film,en,89,53,6.132
925,Ander,Roberto Castón,2009,,Ander,82795,Film,fr,128,14,6.0
926,El chico y la garza,Hayao Miyazaki,2023,,The Boy and the Heron,508883,Film,ja,124,920,7.469
927,La clase de esgrima,Klaus Härö,2015,,The Fencer,322488,Film,et,90,68,6.978
928,Anatomía de una caída,Justine Triet,2023,4.0,Anatomy of a Fall,915935,Film,fr,152,897,7.7
929,Fallen Leaves,Aki Kaurismäki,2023,4.0,Fallen Leaves,986280,Film,fi,81,269,7.258
930,Chinas,Arantxa Echevarría,2023,,Chinas,1034387,Film,es,119,8,7.938
931,Una habitación con vistas,James Ivory,1985,,A Room with a View,11257,Film,en,117,690,6.988
932,Els encantats,Elena Trapé,2023,4.0,The Enchanted,1022725,Film,ca,108,8,6.8
