      Evento;       Fecha;        Hora;     Latitud;    Longitud;  Prof. (Km);      Inten.;        Mag.;   Tipo Mag.;Localización
        3846;  29/01/1928;    23:00:00;     43.3000;     -2.0000;         0.0;            ;            ;            ;SAN SEBASTIAN
        4180;  09/05/1935;    05:00:00;     43.3167;     -1.9833;         0.0;         III;            ;            ;SAN SEBASTIAN
        7220;  28/06/1972;    01:47:26;     43.1000;     -2.1000;         0.0;            ;         3.0;           2;TOLOSA.SS
        7471;  11/06/1974;    12:05:59;     43.3100;     -2.1400;         0.0;            ;         3.3;           2;NW ORIO.SS
        7766;  27/06/1976;    07:45:18;     43.0200;     -1.8600;         0.0;            ;         3.5;           2;NE MUGIRO.NA
        7990;  08/07/1978;    19:57:46;     42.9317;     -1.9217;         5.0;            ;         3.1;           2;NE IRAÑETA.NA
        8022;  23/09/1978;    04:51:31;     43.0767;     -2.3533;         5.0;            ;         3.6;           2;SE ANTZUOLA.SS
        8157;  01/04/1979;    19:04:29;     43.1817;     -2.2067;        10.0;            ;         3.4;           2;NW ERREZIL.SS
        9066;  21/05/1981;    17:44:29;     43.3000;     -2.3000;         0.0;            ;         2.5;           2;W ZUMAIA.SS
        9175;  02/10/1981;    17:49:17;     43.2000;     -2.3000;         0.0;            ;         2.9;           2;NE AZKOITIA.SS
        9292;  30/03/1982;    05:01:47;     42.9567;     -2.0000;        14.0;            ;         3.3;           2;N ARRUAZU.NA
        9293;  30/03/1982;    11:14:29;     42.9100;     -1.8817;         7.0;            ;         3.4;           2;SW EGIARRETA.NA
        9297;  03/04/1982;    16:03:16;     42.9317;     -1.8450;         5.0;            ;         3.0;           2;NE EGIARRETA.NA
        9306;  12/04/1982;    10:06:06;     42.9450;     -1.9150;         6.0;            ;         3.3;           2;NE IRAÑETA.NA
        9307;  12/04/1982;    11:20:31;     42.9067;     -1.8267;         5.0;            ;         3.0;           2;S IRURTZUN.NA
        9339;  15/05/1982;    10:33:14;     42.9050;     -1.8367;         5.0;            ;         3.3;           2;SW IRURTZUN.NA
        9348;  22/05/1982;    05:59:23;     42.9233;     -2.0433;        13.0;            ;         3.9;           2;NW ARBIZU.NA
        9349;  22/05/1982;    21:45:53;     42.9967;     -1.9767;         5.0;            ;            ;            ;S BETELU.NA
        9352;  23/05/1982;    20:45:43;     43.0750;     -2.0000;         5.0;            ;         3.4;           2;SE OREXA.SS
        9359;  29/05/1982;    03:55:08;     42.9733;     -1.9417;        14.0;            ;         3.4;           2;N IRAÑETA.NA
        9380;  22/06/1982;    20:18:32;     43.0333;     -1.8217;         5.0;            ;         3.0;           2;NW JAUNSARATS.NA
        9381;  22/06/1982;    20:24:05;     43.0217;     -1.9100;         5.0;            ;         3.2;           2;NW MUGIRO.NA
        9382;  22/06/1982;    22:20:21;     42.9117;     -1.7283;         5.0;            ;         3.2;           2;NW MARCALÁIN.NA
        9383;  23/06/1982;    01:04:14;     42.9083;     -1.8467;         5.0;            ;         3.1;           2;S EGIARRETA.NA
        9384;  23/06/1982;    01:22:18;     43.0050;     -1.7450;         5.0;            ;         3.5;           2;E JAUNSARATS.NA
        9386;  23/06/1982;    08:35:43;     42.8933;     -1.8883;         6.0;            ;         3.5;           2;NW OLLO.NA
        9492;  26/12/1982;    20:43:00;     43.0167;     -2.1033;        10.0;            ;         3.0;           2;S ABALTZISKETA.SS
        9499;  31/12/1982;    20:42:04;     42.9467;     -1.9633;         6.0;            ;         3.5;           2;N UHARTE-ARAKIL.NA
        9501;  31/12/1982;    20:52:36;     42.9067;     -1.9100;        10.0;            ;         2.8;           2;SE IRAÑETA.NA
        9505;  01/01/1983;    06:44:20;     42.9217;     -1.9350;         6.0;            ;         2.9;           2;SE IRAÑETA.NA
        9579;  01/05/1983;    09:41:39;     42.9117;     -1.9450;         5.0;            ;         3.2;           2;S IRAÑETA.NA
        9580;  06/05/1983;    14:23:30;     42.9483;     -1.9900;        10.0;            ;            ;            ;NE ARRUAZU.NA
        9583;  11/05/1983;    14:09:19;     42.9200;     -1.8233;         5.0;            ;         3.3;           2;E IRURTZUN.NA
        9586;  30/05/1983;    05:36:30;     43.3533;     -1.7700;        30.0;            ;         3.1;           2;SW HENDAYE.FRA
        9648;  21/01/1984;    00:31:17;     43.0633;     -2.1950;        10.0;            ;            ;            ;N BEASAIN.SS
        9673;  19/03/1984;    00:34:20;     43.0300;     -2.2133;        30.0;            ;         3.0;           2;W OLABERRIA.SS
        9674;  19/03/1984;    01:03:47;     42.9400;     -2.0750;         9.0;            ;         2.7;           2;NW ARBIZU.NA
        9704;  13/06/1984;    08:21:37;     42.9317;     -2.0850;        23.0;            ;         2.7;           2;NW ETXARRI-ARANATZ.NA
        9705;  13/06/1984;    12:00:54;     43.0533;     -2.2150;        13.0;            ;         2.8;           2;W BEASAIN.SS
        9707;  14/06/1984;    00:45:43;     42.9550;     -2.0400;        14.0;            ;         2.6;           2;NW LAKUNTZA.NA
        9939;  05/04/1985;    05:18:31;     42.9200;     -2.0133;        21.0;            ;         2.8;           2;W ARRUAZU.NA
       10013;  29/05/1985;    01:32:00;     43.1883;     -2.4083;         6.0;         III;         3.2;           2;N SORALUZE-PLACENCIA DE LAS ARMAS.SS
       10186;  03/02/1986;    10:20:49;     42.9800;     -2.0683;        10.0;            ;         3.2;           2;S AMEZKETA.SS
       10940;  27/07/1988;    16:25:18;     43.2833;     -2.1667;         0.0;         III;         2.7;           2;ZARAUZ.SS
       11164;  05/03/1989;    17:46:18;     43.0083;     -2.1917;        11.0;            ;         3.2;           2;W SAN MARTIN.SS
       11788;  02/06/1990;    14:43:18;     43.1033;     -1.8183;         7.0;            ;         2.8;           2;NW ERATSUN.NA
       12078;  10/04/1991;    09:25:53;     43.0283;     -2.1667;         2.0;            ;         2.8;           2;NE SAN MARTIN.SS
       12080;  17/04/1991;    05:26:52;     43.2250;     -2.0050;        16.0;            ;         2.8;           2;NE ANDOAIN.SS
       12092;  28/04/1991;    05:21:16;     42.9417;     -1.9283;         2.0;            ;         2.9;           2;NE IRAÑETA.NA
       12450;  04/04/1992;    19:59:57;     43.0100;     -1.9717;         2.0;            ;         2.8;           2;SE BETELU.NA
       12896;  26/01/1993;    12:57:06;     42.8983;     -2.0883;         6.0;            ;         3.5;           2;NE BAKAIKU.NA
       13004;  10/04/1993;    18:44:41;     43.0933;     -2.0400;         2.0;            ;         2.3;           2;SW LIZARTZA.SS
       13005;  10/04/1993;    18:46:56;     43.0133;     -1.9500;         3.0;            ;         3.1;           2;SE BETELU.NA
       13407;  02/12/1993;    06:59:18;     43.1617;     -1.8300;         4.0;            ;         2.9;           2;SE GOIZUETA.NA
       14175;  07/06/1994;    18:43:02;     43.2983;     -1.8450;        17.0;            ;         3.2;           2;E OIARTZUN.SS
       15094;  02/05/1995;    04:29:14;     43.1033;     -1.9350;         5.0;            ;         2.5;           2;NE ARESO.NA
       15158;  03/06/1995;    02:38:25;     43.0583;     -2.0133;         2.0;            ;         3.0;           2;NW ARRIBE.NA
       15425;  04/10/1995;    20:18:57;     43.0800;     -1.8183;         4.0;            ;         3.1;           2;SE EZKURRA.NA
       15752;  23/12/1995;    17:18:59;     43.3383;     -1.8883;         9.0;            ;         3.2;           2;NE LEZO.SS
       16418;  13/07/1996;    02:40:12;     43.0467;     -2.1583;         0.0;            ;         2.1;           2;NW ZALDIBIA.SS
       16573;  25/08/1996;    01:37:57;     43.3800;     -1.7417;        15.0;            ;         2.4;           2;NE HENDAYE.FRA
       16578;  25/08/1996;    13:18:38;     43.3250;     -1.7367;        20.0;            ;         2.3;           2;SE HENDAYE.FRA
       16790;  05/11/1996;    22:40:39;     43.2083;     -2.2017;         6.0;            ;         2.6;           2;SW AIA.SS
       16835;  25/11/1996;    05:37:44;     43.0650;     -2.5000;        11.0;            ;         2.0;           2;W ARRASATE/MONDRAGÓN.SS
       17326;  26/04/1997;    07:28:55;     43.1133;     -1.8117;         2.0;            ;         3.1;           2;NW ERATSUN.NA
       17335;  29/04/1997;    11:18:56;     43.3517;     -2.0983;         8.0;            ;         2.3;           2;NE ORIO.SS
       17880;  30/08/1997;    04:01:10;     43.2250;     -2.2667;        18.0;          IV;         3.5;           2;SW ZESTOA.SS
       17881;  30/08/1997;    04:12:21;     43.2483;     -2.2550;        18.0;         III;         3.4;           2;NE ZESTOA.SS
       17894;  03/09/1997;    17:51:58;     43.2033;     -2.2050;        10.0;            ;         2.8;           2;NW ERREZIL.SS
       17904;  08/09/1997;    03:26:37;     43.2867;     -2.2650;         3.0;          II;         3.0;           2;SW ZUMAIA.SS
       83474;  15/02/1998;    03:40:37;     43.1387;     -1.7632;         2.5;            ;         2.2;           3;NW ZUBIETA.NA
      215328;  05/07/1998;    21:59:33;     43.0254;     -2.2218;        19.7;            ;         2.0;           2;NE IDIAZABAL.SS
      213732;  24/07/1998;    04:20:18;     43.2995;     -1.7230;        14.7;            ;         1.9;           2;NW BERA/VERA DE BIDASOA.NA
      116828;  28/10/1998;    23:47:46;     42.9139;     -2.0556;        16.2;            ;         2.0;           2;NE ETXARRI-ARANATZ.NA
      245565;  09/11/1998;    02:08:05;     42.9122;     -2.0473;         0.0;            ;         2.0;           2;SW ARBIZU.NA
      252276;  08/06/1999;    18:37:01;     43.0893;     -1.9479;        10.2;            ;         2.0;           2;NE ARESO.NA
      143115;  15/06/1999;    11:19:34;     42.9845;     -2.2615;         0.0;            ;         2.3;           2;E ZEGAMA.SS
      238911;  15/12/2000;    06:41:47;     43.0740;     -1.8812;        10.6;            ;         2.3;           2;E LEITZA.NA
      248383;  23/02/2001;    03:18:17;     43.2067;     -1.8453;        17.6;            ;         2.2;           2;E ARANO.NA
      265130;  02/06/2001;    01:11:10;     42.8989;     -1.7888;         0.0;          IV;         2.9;           2;SE IRURTZUN.NA
      265515;  02/06/2001;    02:33:24;     42.9016;     -1.8221;         0.0;      II-III;         2.4;           2;S IRURTZUN.NA
      302240;  13/01/2002;    16:11:59;     43.2022;     -1.8221;        18.3;            ;         2.6;           2;NE GOIZUETA.NA
      302291;  13/01/2002;    17:33:50;     43.2126;     -1.8357;        18.1;            ;         2.6;           2;E ARANO.NA
      312836;  21/02/2002;    10:21:50;     42.9341;     -1.8753;         0.0;           V;         3.8;           2;W EGIARRETA.NA
      313019;  22/02/2002;    07:59:12;     42.9447;     -1.8513;         4.8;      II-III;         2.4;           2;N EGIARRETA.NA
      314339;  27/02/2002;    06:13:46;     42.9594;     -1.8783;         0.0;          IV;         2.8;           2;NW EGIARRETA.NA
      314378;  27/02/2002;    06:17:16;     42.9305;     -1.8658;         0.0;          II;         2.1;           2;W EGIARRETA.NA
      314364;  27/02/2002;    08:44:27;     42.9554;     -1.8570;         5.4;         III;         2.7;           2;NW EGIARRETA.NA
      314545;  27/02/2002;    13:38:24;     42.9522;     -1.9100;         7.3;            ;         2.3;           2;NE IRAÑETA.NA
      314683;  27/02/2002;    19:13:39;     42.9565;     -1.8765;         0.0;            ;         2.2;           2;NW EGIARRETA.NA
      315575;  02/03/2002;    12:27:38;     43.0169;     -1.8443;         8.8;            ;         1.4;           4;E MUGIRO.NA
      315690;  03/03/2002;    00:05:57;     42.9599;     -1.7952;         4.0;            ;         1.2;           4;SW ETXALEKU.NA
      315703;  03/03/2002;    00:43:23;     42.9493;     -1.8455;         3.6;            ;         1.5;           4;N EGIARRETA.NA
      316155;  04/03/2002;    03:41:08;     42.9476;     -1.9101;         0.0;            ;         1.2;           4;NE IRAÑETA.NA
      316562;  05/03/2002;    03:13:25;     42.9727;     -1.8898;         0.0;            ;         1.5;           4;S MUGIRO.NA
      317828;  08/03/2002;    22:28:20;     42.9448;     -1.8936;         0.0;            ;         1.6;           4;NW EGIARRETA.NA
      319362;  15/03/2002;    08:20:48;     42.9694;     -1.9027;         8.8;            ;         2.5;           4;S MUGIRO.NA
      320025;  18/03/2002;    15:18:54;     42.9130;     -1.8039;         0.1;          IV;         3.3;           4;SE IRURTZUN.NA
      430564;  22/03/2002;    22:06:27;     42.9829;     -1.8736;         1.7;            ;         1.2;           4;SE MUGIRO.NA
      323105;  02/04/2002;    00:16:32;     43.0482;     -2.0123;         0.2;            ;         1.9;           4;NW ARRIBE.NA
      324124;  06/04/2002;    05:56:09;     42.9875;     -1.8663;         0.0;            ;         1.9;           4;SE MUGIRO.NA
      328658;  28/04/2002;    21:47:13;     43.1022;     -2.5910;         0.0;            ;         1.6;           4;S APATAMONASTERIO.BI
      329035;  02/05/2002;    04:40:58;     42.9570;     -1.9288;         0.0;          IV;         2.7;           4;NE IRAÑETA.NA
      439500;  02/05/2002;    20:13:26;     42.9972;     -2.1226;         0.0;            ;         1.5;           4;E SAN MARTIN.SS
      459998;  04/08/2002;    14:23:18;     43.1415;     -1.8684;         9.7;            ;         0.7;           4;S GOIZUETA.NA
      460051;  28/08/2002;    10:43:35;     43.2197;     -1.8188;         0.0;            ;         1.4;           4;E ARANO.NA
      454834;  03/09/2002;    10:08:51;     43.1827;     -1.8402;         0.0;            ;         1.3;           4;NE GOIZUETA.NA
      350413;  03/10/2002;    03:15:06;     43.3019;     -1.7587;        11.0;            ;         1.2;           4;SE IRUN.SS
      408921;  19/08/2003;    03:16:09;     43.1388;     -2.0672;        11.3;            ;         1.2;           4;NW IBARRA.SS
      410298;  23/08/2003;    18:17:45;     42.9829;     -2.1333;        18.1;            ;         1.3;           4;SE SAN MARTIN.SS
      412912;  03/09/2003;    23:39:26;     43.1195;     -1.7327;        13.6;            ;         1.5;           4;SE ZUBIETA.NA
      468763;  19/03/2004;    01:35:34;     42.9493;     -1.8454;         0.0;            ;         1.3;           4;N EGIARRETA.NA
      505749;  15/08/2004;    07:58:17;     43.2754;     -1.7591;        17.8;            ;         2.2;           4;NW LESAKA.NA
      618860;  22/09/2004;    02:23:59;     43.0385;     -1.9442;         0.0;            ;         0.9;           4;E ARRIBE.NA
      516460;  16/10/2004;    22:26:21;     43.1371;     -1.7820;        10.5;            ;         2.2;           4;NW ZUBIETA.NA
      516882;  20/10/2004;    06:30:02;     43.0997;     -1.8742;         0.0;            ;         1.7;           4;NE LEITZA.NA
      516979;  20/10/2004;    15:05:06;     43.1334;     -1.9354;         8.9;            ;         2.3;           4;E BERASTEGI.SS
      518542;  27/10/2004;    22:26:44;     43.1855;     -1.7810;        14.8;            ;         1.8;           4;W ARANTZA.NA
      535128;  15/01/2005;    13:03:03;     42.9961;     -1.8895;         2.2;            ;         1.9;           4;SE MUGIRO.NA
      549444;  28/02/2005;    21:30:11;     43.1195;     -1.7266;         0.0;            ;         1.3;           4;SW ITUREN.NA
      555938;  25/03/2005;    07:50:25;     43.0334;     -2.0007;         8.0;            ;         1.8;           4;NW BETELU.NA
      584396;  29/06/2005;    22:44:06;     43.1064;     -1.7328;         0.0;            ;         1.4;           4;NE BEINTZA-LABAIEN.NA
      601969;  13/09/2005;    00:29:25;     42.9564;     -1.9129;         5.1;            ;         1.5;           4;NE IRAÑETA.NA
      608858;  11/10/2005;    23:37:17;     42.9948;     -1.9598;         0.0;            ;         1.0;           4;SE BETELU.NA
      613718;  12/11/2005;    02:27:51;     42.9420;     -1.9456;         0.0;            ;         1.9;           4;N IRAÑETA.NA
      613988;  15/11/2005;    04:48:38;     43.2263;     -2.0565;         0.0;            ;         1.0;           4;NW ADUNA.SS
      617797;  06/12/2005;    03:37:54;     42.9815;     -1.9790;         0.0;            ;         1.3;           4;S BETELU.NA
      623318;  06/01/2006;    21:40:25;     43.1224;     -1.7724;         0.0;            ;         1.2;           4;W ZUBIETA.NA
      624907;  14/01/2006;    19:47:52;     43.2206;     -1.7658;        11.6;            ;         1.5;           4;NW ARANTZA.NA
      629575;  06/02/2006;    10:29:16;     43.2048;     -1.9012;        16.1;            ;         1.7;           4;NW ARANO.NA
      629577;  06/02/2006;    10:30:13;     43.2415;     -1.9455;        11.6;            ;         1.3;           4;E URNIETA.SS
      630031;  08/02/2006;    03:45:55;     43.1952;     -1.9154;        19.6;            ;         1.1;           4;SE URNIETA.SS
      631540;  15/02/2006;    21:58:32;     43.0883;     -1.7193;         0.0;            ;         1.0;           4;E BEINTZA-LABAIEN.NA
      634934;  23/02/2006;    06:20:36;     43.0719;     -1.7349;         4.1;            ;         2.3;           4;SE BEINTZA-LABAIEN.NA
      637756;  05/03/2006;    07:00:00;     42.9841;     -1.7485;         0.0;            ;         1.3;           4;NE ETXALEKU.NA
      637853;  05/03/2006;    16:33:44;     42.9656;     -1.8050;         0.0;            ;         2.4;           4;SW ETXALEKU.NA
      650695;  23/04/2006;    15:27:08;     43.0735;     -1.7673;         0.0;            ;         1.7;           4;SE SALDÍAS.NA
      664442;  04/06/2006;    04:53:55;     42.9945;     -1.7777;         0.0;            ;         1.0;           4;SE JAUNSARATS.NA
      664444;  04/06/2006;    05:10:53;     42.9735;     -1.8153;         0.0;            ;         1.1;           4;W ETXALEKU.NA
      665966;  09/06/2006;    23:20:13;     43.1024;     -1.7960;         0.0;            ;         0.9;           4;NW SALDÍAS.NA
      666222;  12/06/2006;    04:06:14;     43.1841;     -1.7520;        11.6;            ;         1.6;           4;SW ARANTZA.NA
      669132;  23/06/2006;    02:29:36;     42.9591;     -1.9237;         0.2;            ;         1.3;           4;NE IRAÑETA.NA
      671570;  02/07/2006;    22:45:32;     43.1986;     -1.8534;        17.8;            ;         0.7;           4;NE GOIZUETA.NA
      707954;  03/12/2006;    00:49:39;     43.2434;     -1.7977;        17.6;            ;         1.1;           4;W LESAKA.NA
      720447;  25/01/2007;    02:49:07;     43.0182;     -2.0437;        10.9;            ;         1.4;           4;SE AMEZKETA.SS
      721296;  29/01/2007;    22:46:30;     42.9803;     -2.0504;        10.7;            ;         1.1;           4;NW LAKUNTZA.NA
      724230;  10/02/2007;    04:00:33;     43.1647;     -1.9740;        24.8;            ;         2.0;           4;NE ELDUAIN.SS
      736325;  16/03/2007;    21:20:25;     43.2607;     -1.7833;        11.5;            ;         1.4;           4;W LESAKA.NA
      739449;  31/03/2007;    23:57:58;     42.8936;     -1.8724;         0.0;            ;         1.1;           4;NW OLLO.NA
      747654;  19/04/2007;    15:31:39;     43.1145;     -1.7627;         0.0;            ;         1.3;           4;SW ZUBIETA.NA
      774836;  22/07/2007;    20:44:18;     42.9508;     -1.8533;         0.0;            ;         1.0;           4;NW EGIARRETA.NA
      777322;  31/07/2007;    21:40:29;     42.9400;     -1.8636;         2.2;         III;         2.7;           4;NW EGIARRETA.NA
      778495;  03/08/2007;    21:55:11;     42.9656;     -1.9055;         0.0;            ;         0.8;           4;S MUGIRO.NA
      782711;  16/08/2007;    00:56:22;     43.0264;     -2.1670;         0.0;            ;         0.8;           4;SE LAZKAO.SS
      783815;  19/08/2007;    02:06:29;     43.2042;     -1.8837;        12.1;            ;         1.1;           4;NE ARANO.NA
      783852;  19/08/2007;    07:27:55;     43.2514;     -1.8721;         0.0;            ;         1.1;           4;S OIARTZUN.SS
      787385;  31/08/2007;    01:41:46;     43.0895;     -1.8416;         0.0;            ;         0.9;           4;W EZKURRA.NA
      788187;  02/09/2007;    16:38:18;     43.2146;     -1.8290;        17.0;            ;         2.3;           4;E ARANO.NA
      788216;  02/09/2007;    16:48:35;     43.1885;     -1.9086;         0.0;            ;         1.1;           4;SW ARANO.NA
      798960;  06/10/2007;    18:12:23;     42.9491;     -1.7829;         0.0;            ;         0.7;           4;SE ETXALEKU.NA
      802744;  23/10/2007;    03:47:28;     43.1802;     -1.7218;         0.0;            ;         1.2;           4;S ARANTZA.NA
      803649;  27/10/2007;    00:41:53;     43.0317;     -2.1987;         7.3;            ;         1.2;           4;NE OLABERRIA.SS
      803656;  27/10/2007;    00:48:51;     43.0593;     -2.1881;        11.0;            ;         1.8;           4;NW ORDIZIA.SS
      803752;  27/10/2007;    00:53:09;     43.0450;     -2.2199;         9.9;            ;         1.3;           4;W BEASAIN.SS
      803702;  27/10/2007;    01:00:14;     43.0188;     -2.2054;        10.8;            ;         1.3;           4;SW OLABERRIA.SS
      803675;  27/10/2007;    01:01:12;     42.9904;     -2.1513;        14.9;            ;         2.1;           4;SE SAN MARTIN.SS
      803691;  27/10/2007;    01:07:13;     43.0483;     -2.2100;         6.7;            ;         1.5;           4;W BEASAIN.SS
      803694;  27/10/2007;    01:11:37;     43.0087;     -2.1801;        10.4;            ;         2.5;           4;W SAN MARTIN.SS
      803716;  27/10/2007;    01:12:26;     42.9839;     -2.1496;        10.8;            ;         2.4;           4;SE SAN MARTIN.SS
      883629;  27/10/2007;    01:14:56;     43.0068;     -2.1677;        10.8;            ;         1.2;           4;E SAN MARTIN.SS
      803718;  27/10/2007;    01:19:09;     43.0396;     -2.1875;         0.3;            ;         1.0;           4;NW LAZKAO.SS
      803720;  27/10/2007;    01:20:26;     43.0313;     -2.2184;         5.3;            ;         0.8;           4;W OLABERRIA.SS
      803760;  27/10/2007;    01:21:58;     43.0714;     -2.2469;         8.3;            ;         0.9;           4;E SANTA LUTZI-ANDUAGA.SS
      803703;  27/10/2007;    01:23:17;     43.0393;     -2.2010;         0.0;            ;         1.6;           4;N OLABERRIA.SS
      803767;  27/10/2007;    01:26:45;     42.9926;     -2.1883;        17.1;            ;         1.1;           4;SW SAN MARTIN.SS
      803707;  27/10/2007;    01:27:49;     43.0381;     -2.1918;        10.5;            ;         1.1;           4;NW LAZKAO.SS
      803743;  27/10/2007;    01:29:56;     43.0191;     -2.1786;        10.5;            ;         1.2;           4;N SAN MARTIN.SS
      803780;  27/10/2007;    01:33:20;     42.9809;     -2.2051;         0.0;            ;         1.1;           4;SW SAN MARTIN.SS
      803714;  27/10/2007;    01:34:15;     43.0619;     -2.2058;         7.6;            ;         1.3;           4;NW BEASAIN.SS
      803788;  27/10/2007;    01:41:17;     43.0406;     -2.2070;         0.0;            ;         0.8;           4;SW BEASAIN.SS
      803796;  27/10/2007;    01:45:39;     43.0319;     -2.1643;         8.5;            ;         1.0;           4;SW ZALDIBIA.SS
      803793;  27/10/2007;    01:46:00;     43.0161;     -2.1777;        11.4;            ;         1.5;           4;N SAN MARTIN.SS
      803828;  27/10/2007;    01:47:08;     43.0333;     -2.2172;        12.3;            ;         1.8;           4;NW OLABERRIA.SS
      803834;  27/10/2007;    01:48:24;     43.0049;     -2.1999;        10.9;            ;         1.6;           4;W SAN MARTIN.SS
      803733;  27/10/2007;    01:56:39;     43.0286;     -2.1863;        10.6;            ;         2.0;           4;S LAZKAO.SS
      803744;  27/10/2007;    02:18:10;     43.0190;     -2.1820;        10.8;            ;         1.4;           4;NW SAN MARTIN.SS
      803753;  27/10/2007;    02:18:34;     42.9940;     -2.1725;        10.8;            ;         2.0;           4;S SAN MARTIN.SS
      803770;  27/10/2007;    02:37:13;     43.0270;     -2.1881;        10.9;            ;         2.3;           4;S LAZKAO.SS
      803797;  27/10/2007;    02:38:30;     42.9572;     -2.1927;        10.3;            ;         1.5;           4;SW SAN MARTIN.SS
      803799;  27/10/2007;    02:39:12;     43.0276;     -2.1974;         0.0;            ;         1.3;           4;E OLABERRIA.SS
      803782;  27/10/2007;    02:41:33;     43.0724;     -2.2034;         5.2;            ;         1.5;           4;NW BEASAIN.SS
      803795;  27/10/2007;    02:43:24;     42.9645;     -2.1640;        10.7;            ;         1.1;           4;SE SAN MARTIN.SS
      803792;  27/10/2007;    02:55:24;     43.1124;     -2.2485;         0.0;            ;         1.0;           4;SW BEIZAMA.SS
      803794;  27/10/2007;    02:57:58;     43.0643;     -2.1793;         0.0;            ;         1.0;           4;N ORDIZIA.SS
      803815;  27/10/2007;    03:17:41;     43.0247;     -2.1961;        10.0;            ;         1.0;           4;SE OLABERRIA.SS
      803829;  27/10/2007;    03:18:23;     43.0593;     -2.1848;        10.3;            ;         1.4;           4;NW ORDIZIA.SS
      803800;  27/10/2007;    03:27:43;     43.0406;     -2.1979;         5.5;            ;         1.4;           4;S BEASAIN.SS
      803810;  27/10/2007;    03:33:21;     43.0277;     -2.1964;        10.6;            ;         2.3;           4;E OLABERRIA.SS
      803817;  27/10/2007;    03:39:58;     43.0506;     -2.1990;        10.8;            ;         1.5;           4;W BEASAIN.SS
      803823;  27/10/2007;    03:43:05;     43.0835;     -2.2101;         3.9;            ;         1.8;           4;NW BEASAIN.SS
      809921;  25/11/2007;    07:12:52;     43.2370;     -1.8672;        22.0;            ;         1.8;           4;S OIARTZUN.SS
      810989;  01/12/2007;    17:10:25;     43.0057;     -1.7268;         0.0;            ;         0.7;           4;NW LARRAINTZAR.NA
      815444;  06/01/2008;    22:30:29;     43.0812;     -1.7476;         4.3;            ;         1.1;           4;SW BEINTZA-LABAIEN.NA
      819838;  31/01/2008;    05:25:14;     43.1018;     -1.8379;         0.0;            ;         1.0;           4;NW EZKURRA.NA
      910778;  01/05/2008;    16:10:07;     43.1678;     -2.0091;         0.0;            ;         1.2;           4;NE BERROBI.SS
      839966;  07/05/2008;    01:56:46;     43.2462;     -1.7243;        19.7;            ;         1.9;           4;W LESAKA.NA
      846294;  31/05/2008;    15:50:46;     43.2083;     -1.8544;         0.0;            ;         0.8;           4;E ARANO.NA
      861822;  11/08/2008;    00:06:59;     42.9428;     -1.8075;         0.0;            ;         0.7;           4;NE IRURTZUN.NA
      869737;  22/09/2008;    01:55:14;     43.0479;     -1.9109;         0.0;            ;         1.1;           4;S LEITZA.NA
      881328;  29/10/2008;    17:49:49;     43.1176;     -1.7831;         0.0;            ;         1.1;           4;N SALDÍAS.NA
      886513;  23/11/2008;    19:08:01;     43.1054;     -1.7385;         0.0;            ;         1.1;           4;N BEINTZA-LABAIEN.NA
      887447;  30/11/2008;    17:51:49;     43.1127;     -1.7385;         0.0;            ;         0.9;           4;S ZUBIETA.NA
      890850;  25/12/2008;    07:42:47;     43.1522;     -2.2135;        21.2;            ;         1.2;           4;NW BEIZAMA.SS
      890973;  28/12/2008;    12:46:12;     43.0993;     -2.0410;         7.1;            ;         1.6;           4;SW LIZARTZA.SS
      905757;  04/04/2009;    16:28:02;     43.1194;     -1.7309;         0.0;            ;         1.3;           4;SE ZUBIETA.NA
      907476;  15/04/2009;    00:49:23;     43.2393;     -1.7359;        11.3;            ;         1.5;           4;W LESAKA.NA
      909443;  25/04/2009;    12:37:46;     43.2638;     -1.7374;        16.4;            ;         1.5;           4;NW LESAKA.NA
      911957;  12/05/2009;    00:18:34;     43.1866;     -1.8779;         0.0;            ;         1.1;           4;SE ARANO.NA
      912214;  12/05/2009;    20:28:37;     43.2192;     -1.9021;         0.0;            ;         1.4;           4;NW ARANO.NA
      912215;  12/05/2009;    21:07:16;     43.2160;     -1.8888;        11.8;            ;         1.8;           4;NE ARANO.NA
      915185;  28/05/2009;    00:59:18;     43.1104;     -1.7271;         0.0;            ;         1.0;           4;SE ZUBIETA.NA
      918551;  11/06/2009;    22:30:11;     43.1075;     -2.0238;         0.0;            ;         1.3;           4;NE LIZARTZA.SS
      918889;  12/06/2009;    15:45:38;     43.3912;     -2.5546;         0.0;            ;         1.4;           4;NE EA.BI
      918966;  12/06/2009;    22:35:03;     43.2532;     -1.9227;         0.0;            ;         0.9;           4;SE ASTIGARRAGA.SS
      918967;  13/06/2009;    00:25:38;     43.2742;     -1.9612;         0.0;            ;         1.4;           4;NE HERNANI.SS
      918968;  13/06/2009;    01:32:57;     43.2756;     -1.9957;         0.0;            ;         0.9;           4;NW HERNANI.SS
      919102;  14/06/2009;    02:28:10;     43.2766;     -1.8848;         0.0;            ;         1.6;           4;SW OIARTZUN.SS
      919136;  14/06/2009;    09:04:27;     43.3118;     -1.9006;         0.0;            ;         1.3;           4;SE ERRENTERIA.SS
      921897;  26/06/2009;    22:56:54;     43.2999;     -1.7303;        28.3;            ;         1.8;           4;NW BERA/VERA DE BIDASOA.NA
      921941;  27/06/2009;    04:48:05;     43.2744;     -1.7599;        29.3;            ;         1.0;           4;NW LESAKA.NA
      927757;  19/07/2009;    07:19:31;     43.1485;     -2.0708;         0.0;            ;         1.3;           4;N TOLOSA.SS
      935297;  18/08/2009;    21:04:47;     43.0884;     -1.9529;         4.6;            ;         0.9;           4;NW ARESO.NA
      936387;  24/08/2009;    02:23:53;     43.1168;     -1.9220;         0.0;            ;         1.1;           4;N LEITZA.NA
     1007807;  07/09/2009;    09:51:05;     43.2846;     -1.7220;         0.0;            ;         1.8;           4;W BERA/VERA DE BIDASOA.NA
     1007808;  07/09/2009;    11:38:02;     43.2410;     -1.7462;         0.0;            ;         1.9;           4;W LESAKA.NA
      944162;  25/09/2009;    16:26:26;     43.2079;     -1.8378;         0.0;            ;         1.4;           4;NE GOIZUETA.NA
      944172;  25/09/2009;    23:25:27;     43.0540;     -2.0776;         0.0;            ;         1.8;           4;NE AMEZKETA.SS
      949551;  09/10/2009;    01:57:07;     43.1064;     -1.7416;         0.0;            ;         0.3;           4;N BEINTZA-LABAIEN.NA
      954097;  28/10/2009;    21:57:38;     43.1026;     -1.7484;         0.0;            ;         0.9;           4;NW BEINTZA-LABAIEN.NA
      967107;  18/01/2010;    02:26:42;     43.0759;     -2.0220;         0.0;            ;         1.0;           4;SW OREXA.SS
      967994;  24/01/2010;    02:11:28;     43.1323;     -1.8044;         0.0;            ;         1.1;           4;W ZUBIETA.NA
      967997;  24/01/2010;    04:59:05;     43.0108;     -2.1890;         0.0;            ;         0.9;           4;SW SAN MARTIN.SS
      967999;  24/01/2010;    04:59:33;     43.0321;     -2.1624;         0.0;            ;         0.8;           4;NE SAN MARTIN.SS
      967996;  24/01/2010;    05:00:08;     42.9994;     -2.1537;        10.4;            ;         1.2;           4;S SAN MARTIN.SS
      967998;  24/01/2010;    05:00:42;     43.0165;     -2.1520;         0.0;            ;         0.9;           4;E SAN MARTIN.SS
      975222;  06/03/2010;    23:50:19;     43.2311;     -1.8554;         0.0;            ;         1.1;           4;S OIARTZUN.SS
      976196;  11/03/2010;    17:09:26;     43.1331;     -1.7449;        11.0;          II;         2.2;           4;NW ZUBIETA.NA
      980059;  05/04/2010;    00:20:13;     43.2475;     -1.7243;        19.4;            ;         1.7;           4;W LESAKA.NA
      980674;  07/04/2010;    21:37:37;     43.3123;     -1.8078;         0.0;            ;         0.9;           4;SW IRUN.SS
      990600;  22/05/2010;    21:08:52;     43.0351;     -2.0233;         0.0;            ;         1.2;           4;W ARRIBE.NA
      993093;  31/05/2010;    22:04:40;     43.0581;     -1.7272;         0.0;            ;         1.0;           4;SE BEINTZA-LABAIEN.NA
     1000180;  30/06/2010;    21:37:55;     43.0706;     -2.0348;         3.9;         III;         2.5;           4;SW OREXA.SS
     1000606;  02/07/2010;    07:12:24;     43.1060;     -2.0243;        10.7;            ;         1.8;           4;E LIZARTZA.SS
     1008515;  01/08/2010;    06:28:34;     43.0480;     -2.5929;         0.0;            ;         1.2;           4;W IBARRA.VI
     1013411;  24/08/2010;    20:06:33;     43.1104;     -1.8081;         0.0;            ;         0.8;           4;NE EZKURRA.NA
     1021592;  05/10/2010;    01:22:47;     43.1142;     -1.7465;         0.0;            ;         0.9;           4;SW ZUBIETA.NA
     1027735;  07/11/2010;    03:30:33;     43.1611;     -1.9068;        10.6;            ;         1.1;           4;W GOIZUETA.NA
     1027741;  07/11/2010;    07:07:19;     43.0981;     -1.8370;         9.8;            ;         1.2;           4;NW EZKURRA.NA
     1027796;  08/11/2010;    02:13:17;     43.1478;     -1.9363;        10.8;            ;         1.0;           4;NE BERASTEGI.SS
     1042355;  29/01/2011;    01:34:49;     43.0949;     -1.7503;         0.0;            ;         0.9;           4;NE SALDÍAS.NA
     1047724;  02/03/2011;    23:51:36;     43.1648;     -1.9022;         0.0;            ;         0.9;           4;W GOIZUETA.NA
     1048072;  04/03/2011;    15:55:04;     42.8957;     -2.5484;         0.0;            ;         1.3;           4;SW OZAETA.VI
     1061509;  15/05/2011;    00:27:00;     43.0669;     -1.9888;        10.6;            ;         1.0;           4;N ARRIBE.NA
     1062966;  21/05/2011;    22:27:41;     43.2090;     -1.9443;         0.0;            ;         0.5;           4;SE URNIETA.SS
     1070869;  30/06/2011;    18:08:33;     43.1500;     -1.7597;        11.5;            ;         1.6;           4;NW ZUBIETA.NA
     1070871;  30/06/2011;    18:10:14;     43.2316;     -1.7443;        16.0;            ;         1.3;           4;W IGANTZI.NA
     1072710;  10/07/2011;    14:55:32;     43.1915;     -1.7864;        10.7;            ;         1.7;           4;W ARANTZA.NA
     1105624;  15/10/2011;    04:31:00;     43.2273;     -1.8760;         0.0;            ;         0.4;           4;NE ARANO.NA
     1133113;  17/03/2012;    01:45:22;     43.0765;     -1.8024;         0.0;            ;         1.2;           4;SW ERATSUN.NA
     1137381;  09/04/2012;    03:37:34;     43.1298;     -2.2891;         0.0;            ;         0.7;           4;NE ZUMARRAGA.SS
     1156261;  12/07/2012;    04:09:15;     43.2297;     -2.4175;        10.0;            ;         1.7;           4;N ELGOIBAR.SS
     1164154;  06/09/2012;    23:47:10;     43.0867;     -1.9995;        10.0;            ;         1.6;           4;SE OREXA.SS
     1165979;  16/09/2012;    23:21:06;     43.1086;     -2.0007;        10.0;            ;         1.5;           4;NE OREXA.SS
     1169484;  09/10/2012;    22:00:13;     43.1835;     -2.0804;        11.0;            ;         1.0;           4;SE LARRAUL.SS
     1169483;  09/10/2012;    22:04:29;     43.1476;     -2.0537;         0.0;            ;         0.8;           4;NW BELAUNTZA.SS
     1169482;  09/10/2012;    22:13:41;     43.1970;     -2.0422;        11.0;            ;         0.8;           4;SE ADUNA.SS
     1169500;  10/10/2012;    02:34:26;     43.1883;     -2.0771;        10.0;            ;         0.8;           4;SW ZIZURKIL.SS
     1169501;  10/10/2012;    02:35:08;     43.1152;     -2.0928;        15.0;            ;         0.5;           4;NE ALEGIA.SS
     1170319;  15/10/2012;    22:37:32;     43.1919;     -2.1253;        20.0;            ;         1.6;           4;W LARRAUL.SS
     1170323;  15/10/2012;    22:39:44;     43.1314;     -2.1198;         0.0;            ;         0.8;           4;E ALBIZTUR.SS
     1194732;  28/02/2013;    19:54:45;     43.1749;     -1.8216;         7.0;            ;         1.9;           4;E GOIZUETA.NA
     1211500;  11/05/2013;    06:07:34;     42.9978;     -1.8519;         9.0;            ;         1.1;           4;E MUGIRO.NA
     1225511;  07/08/2013;    04:35:58;     43.1573;     -1.7466;         8.0;            ;         1.4;           4;N ZUBIETA.NA
     1230406;  04/09/2013;    04:21:50;     43.2021;     -1.9139;         0.0;            ;         1.0;           4;SE URNIETA.SS
     1233244;  16/09/2013;    20:23:14;     43.1991;     -1.8632;        11.0;            ;         2.1;           4;N GOIZUETA.NA
     1235484;  25/09/2013;    23:24:43;     42.9860;     -1.7490;         0.0;            ;         0.8;           4;NE ETXALEKU.NA
     1246399;  20/11/2013;    02:18:17;     43.3087;     -1.7925;        22.0;            ;         1.7;           4;S IRUN.SS
     1262785;  14/03/2014;    22:08:24;     43.1049;     -1.7473;         9.0;            ;         1.1;           4;NW BEINTZA-LABAIEN.NA
     1262891;  15/03/2014;    04:08:59;     42.9574;     -1.7936;        10.0;            ;         1.4;           4;SW ETXALEKU.NA
     1274700;  12/05/2014;    22:38:47;     43.2534;     -2.0950;        17.0;            ;         1.2;           4;SE ORIO.SS
     1278431;  05/06/2014;    01:59:04;     43.1121;     -2.0191;        15.0;      II-III;         2.6;           4;SE GAZTELU.SS
     1278442;  05/06/2014;    02:33:13;     43.1277;     -2.0280;        11.0;          II;         2.3;           4;NW GAZTELU.SS
     1278600;  05/06/2014;    21:44:09;     43.1035;     -2.0166;         0.0;            ;         1.1;           4;NW OREXA.SS
     1278772;  07/06/2014;    07:41:50;     43.0103;     -2.1716;         0.0;            ;         1.7;           4;NE SAN MARTIN.SS
     1278767;  07/06/2014;    08:01:32;     43.0089;     -2.1843;         7.0;            ;         2.0;           4;W SAN MARTIN.SS
     1279828;  13/06/2014;    22:00:57;     43.0738;     -2.0141;        10.0;            ;         2.0;           4;S OREXA.SS
     1279836;  13/06/2014;    22:57:19;     43.0958;     -2.0225;         0.0;            ;         1.5;           4;W OREXA.SS
     1284227;  12/07/2014;    07:25:32;     43.1389;     -1.7752;        17.0;            ;         1.5;           4;NW ZUBIETA.NA
     1289901;  15/08/2014;    15:08:49;     43.2879;     -2.1066;         3.0;            ;         1.7;           4;NE ORIO.SS
     1333484;  18/08/2014;    02:13:51;     43.0973;     -1.8714;         0.0;            ;         1.4;           4;NE LEITZA.NA
     1293009;  02/09/2014;    01:34:28;     43.0278;     -2.0424;         0.0;            ;         0.9;           4;SE AMEZKETA.SS
     1333888;  06/10/2014;    12:06:41;     42.9404;     -1.7937;        10.0;            ;         0.8;           4;S ETXALEKU.NA
     1312034;  01/01/2015;    00:52:43;     43.1728;     -1.9275;         0.0;            ;         1.1;           4;NE BERASTEGI.SS
     1314187;  21/01/2015;    04:50:26;     43.0477;     -1.7347;         3.0;            ;         2.6;           4;S BEINTZA-LABAIEN.NA
     1314191;  21/01/2015;    04:59:06;     43.0620;     -1.7370;         6.0;            ;         1.8;           4;S BEINTZA-LABAIEN.NA
     1314633;  24/01/2015;    11:40:52;     42.9587;     -2.0983;        11.0;            ;         1.8;           4;NW ETXARRI-ARANATZ.NA
     1329339;  13/05/2015;    20:36:50;     43.1081;     -1.7444;        14.0;            ;         1.1;           4;S ZUBIETA.NA
     1329340;  13/05/2015;    20:37:20;     43.1492;     -1.8055;        22.0;            ;         1.5;           4;SE GOIZUETA.NA
     1329522;  14/05/2015;    23:22:28;     43.3489;     -1.7189;        21.0;            ;         1.9;           4;E HENDAYE.FRA
     1383937;  17/05/2015;    11:24:12;     42.9303;     -1.7311;        10.0;            ;         0.7;           4;SW ERICE.NA
     1329982;  19/05/2015;    08:48:08;     43.0298;     -1.7570;         6.0;          II;         1.9;           4;NE JAUNSARATS.NA
     1331207;  27/05/2015;    03:45:38;     43.2475;     -1.7211;        26.0;            ;         1.8;           4;W IGANTZI.NA
     1337390;  18/07/2015;    01:48:19;     43.1253;     -1.9703;         0.0;            ;         1.1;           4;E BERASTEGI.SS
     1391925;  14/08/2015;    22:25:21;     43.0226;     -2.1641;         0.0;            ;         1.1;           4;NE SAN MARTIN.SS
     1391924;  14/08/2015;    22:25:54;     42.9833;     -2.1147;        10.0;            ;         1.6;           4;SE SAN MARTIN.SS
     1391926;  14/08/2015;    22:27:01;     43.0226;     -2.1289;        11.0;            ;         1.4;           4;SE ZALDIBIA.SS
     1340355;  14/08/2015;    22:28:46;     42.9903;     -2.1540;        14.0;            ;         2.1;           4;SE SAN MARTIN.SS
     1391927;  14/08/2015;    22:37:50;     42.9091;     -2.1504;         0.0;            ;         1.1;           4;NE ALTSASU/ALSASUA.NA
     1341321;  22/08/2015;    09:44:26;     42.9417;     -1.8276;         0.0;            ;         1.5;           4;NE EGIARRETA.NA
     1341436;  23/08/2015;    23:40:43;     42.9642;     -1.8673;         0.0;            ;         1.3;           4;NW EGIARRETA.NA
     1355030;  19/11/2015;    04:03:57;     43.1063;     -1.7324;        10.0;            ;         1.3;           4;NW BEINTZA-LABAIEN.NA
     1355473;  22/11/2015;    16:45:33;     43.1741;     -1.9366;         8.0;            ;         1.7;           4;NE ELDUAIN.SS
     1357284;  03/12/2015;    20:28:21;     43.2309;     -1.7615;        22.0;            ;         1.8;           4;NW ARANTZA.NA
     1357457;  05/12/2015;    06:10:54;     43.1442;     -1.8397;         0.0;            ;         0.9;           4;SE GOIZUETA.NA
     1357496;  06/12/2015;    01:22:02;     43.2407;     -1.7375;        27.0;            ;         1.5;           4;W LESAKA.NA
     1357500;  06/12/2015;    01:56:55;     43.2346;     -1.7479;        23.0;            ;         1.9;           4;SW LESAKA.NA
     1359160;  25/12/2015;    08:11:50;     43.0676;     -1.7479;         0.0;            ;         1.1;           4;SW BEINTZA-LABAIEN.NA
 ign2016hrit;  19/04/2016;    02:28:34;     43.1217;     -2.0305;         0.0;            ;         1.8;           4;NW GAZTELU.SS
 ign2016kpvn;  30/05/2016;    23:16:38;     43.1879;     -1.7193;        21.0;            ;         1.6;           4;SE ARANTZA.NA
 ign2016ntxs;  14/07/2016;    21:31:22;     42.9473;     -1.8494;        11.0;         III;         2.9;           4;N EGIARRETA.NA
 ign2016nusc;  15/07/2016;    07:49:18;     42.9677;     -1.8205;        10.0;            ;         1.7;           4;W ETXALEKU.NA
 ign2016ocwt;  19/07/2016;    19:15:38;     43.1006;     -2.0020;        14.0;            ;         1.7;           4;NE OREXA.SS
 ign2016odfk;  19/07/2016;    23:38:32;     43.0970;     -2.0099;        11.0;            ;         1.1;           4;N OREXA.SS
 ign2016opfp;  26/07/2016;    13:22:12;     42.9375;     -1.8199;        12.0;         III;         3.4;           4;NE IRURTZUN.NA
 ign2016opfs;  26/07/2016;    13:26:11;     42.9454;     -1.8174;        11.0;            ;         2.1;           4;NE IRURTZUN.NA
 ign2016opgo;  26/07/2016;    13:51:28;     42.9131;     -1.8215;        11.0;            ;         1.5;           4;SE IRURTZUN.NA
 ign2016opgt;  26/07/2016;    13:56:33;     42.9485;     -1.7788;        11.0;            ;         1.9;           4;SE ETXALEKU.NA
 ign2016otzl;  29/07/2016;    03:56:17;     42.9394;     -1.8055;        10.0;            ;         1.2;           4;NE IRURTZUN.NA
 ign2016pqwj;  10/08/2016;    16:30:24;     42.9080;     -1.8298;         0.0;      II-III;         2.8;           4;S IRURTZUN.NA
 ign2016pscn;  11/08/2016;    08:45:36;     42.9542;     -1.8134;         0.0;            ;         1.9;           4;SW ETXALEKU.NA
 ign2016rnvw;  06/09/2016;    11:55:48;     42.9467;     -1.8061;        10.0;            ;         1.6;           4;SW ETXALEKU.NA
 ign2016rrcv;  08/09/2016;    06:51:22;     43.0519;     -1.9893;         0.0;            ;         2.2;           4;NW ARRIBE.NA
 ign2016rvdt;  10/09/2016;    11:51:08;     42.9582;     -1.8948;        11.0;            ;         1.2;           4;NW EGIARRETA.NA
 ign2016rxps;  11/09/2016;    20:10:23;     43.1861;     -1.8294;        12.0;            ;         1.8;           4;NE GOIZUETA.NA
 ign2016sbzi;  14/09/2016;    05:34:28;     43.1201;     -1.8541;        12.0;            ;         2.3;           4;NW EZKURRA.NA
 es2017beoki;  31/01/2017;    05:31:38;     43.0814;     -1.7975;         0.0;            ;         1.9;           4;SW ERATSUN.NA
 es2017bneob;  12/02/2017;    08:30:59;     43.1383;     -1.8843;        11.0;            ;         1.7;           4;SW GOIZUETA.NA
 es2017enbdk;  22/04/2017;    09:35:39;     42.9423;     -1.7737;        11.0;          II;         1.9;           4;SE ETXALEKU.NA
 es2017failp;  27/04/2017;    09:57:28;     43.2860;     -1.9845;         0.0;            ;         1.6;           4;NW HERNANI.SS
 es2017feffe;  02/05/2017;    21:17:58;     43.0766;     -1.8588;         0.0;            ;         1.0;           4;SW EZKURRA.NA
 es2017fmchc;  14/05/2017;    04:32:42;     42.9710;     -1.8117;        11.0;            ;         1.3;           4;W ETXALEKU.NA
 es2017hhnni;  23/06/2017;    05:49:15;     43.0770;     -1.7814;         2.0;            ;         1.8;           4;S SALDÍAS.NA
 es2017hppha;  04/07/2017;    22:46:38;     43.1432;     -2.0346;        23.0;            ;         1.4;           4;SW BERROBI.SS
 es2017icgkp;  08/07/2017;    11:51:22;     43.0509;     -2.0543;        11.0;            ;         1.6;           4;E AMEZKETA.SS
 es2017ilmlh;  22/07/2017;    01:07:35;     43.1692;     -1.9795;         0.0;            ;         1.4;           4;NE ELDUAIN.SS
 es2017inand;  23/07/2017;    20:43:07;     43.1883;     -1.7399;        27.0;            ;         1.4;           4;SW ARANTZA.NA
 es2017jbolc;  30/07/2017;    21:32:12;     43.1703;     -1.8187;        15.0;            ;         1.5;           4;E GOIZUETA.NA
 es2017jcjpg;  31/07/2017;    21:58:04;     43.2239;     -1.7578;        22.0;            ;         0.8;           4;NW ARANTZA.NA
 es2017jckpa;  01/08/2017;    00:04:56;     43.2270;     -1.7595;        24.0;            ;         0.5;           4;NW ARANTZA.NA
 es2017jomnb;  18/08/2017;    12:24:13;     43.0430;     -1.7829;        12.0;          II;         2.4;           4;SE ERATSUN.NA
 es2017mejnb;  12/10/2017;    04:01:18;     43.0892;     -1.8003;         0.0;            ;         1.0;           4;NW ERATSUN.NA
 es2017nafko;  29/10/2017;    03:18:06;     43.2434;     -1.7290;        22.0;            ;         1.4;           4;W LESAKA.NA
 es2017naflk;  29/10/2017;    03:24:06;     43.2170;     -1.7399;        21.0;            ;         1.5;           4;NW ARANTZA.NA
 es2017nagjn;  29/10/2017;    05:19:28;     43.2360;     -1.8332;        11.0;          II;         2.8;           4;SE OIARTZUN.SS
 es2018ekhog;  18/04/2018;    15:59:45;     42.9550;     -1.7994;        11.0;            ;         2.0;           4;SW ETXALEKU.NA
 es2018eoomb;  25/04/2018;    01:36:20;     43.0676;     -1.7990;         0.0;            ;         1.8;           4;S ERATSUN.NA
 es2018fbnkl;  29/04/2018;    07:18:55;     43.0985;     -1.7632;        12.0;            ;         1.7;           4;NE SALDÍAS.NA
 es2018fdibg;  01/05/2018;    16:35:12;     42.9874;     -1.8047;        10.0;            ;         1.8;           4;SW JAUNSARATS.NA
 es2018fngki;  16/05/2018;    00:22:11;     43.1193;     -1.7747;        10.0;            ;         1.9;           4;W ZUBIETA.NA
 es2018galen;  20/05/2018;    18:29:54;     42.9511;     -1.8126;        10.0;            ;         1.8;           4;SW ETXALEKU.NA
 es2018gkkfl;  04/06/2018;    03:19:32;     43.1931;     -1.8652;        23.0;            ;         1.9;           4;N GOIZUETA.NA
 es2018hnkfm;  01/07/2018;    14:24:00;     42.9707;     -1.7789;         0.0;          II;         2.0;           4;E ETXALEKU.NA
 es2018jkdjc;  11/08/2018;    21:36:31;     42.9607;     -1.8146;         0.0;            ;         1.7;           4;SW ETXALEKU.NA
 es2018migcg;  17/10/2018;    14:49:06;     43.1834;     -1.8762;        20.0;            ;         1.7;           4;NW GOIZUETA.NA
 es2018mpbmk;  27/10/2018;    08:10:55;     43.1513;     -1.8668;        12.0;            ;         2.3;           4;S GOIZUETA.NA
 es2019abhbc;  03/01/2019;    02:01:01;     43.1501;     -1.7972;         0.0;            ;         1.6;           4;NW ZUBIETA.NA
 es2019cdphd;  21/02/2019;    23:33:28;     43.1887;     -1.7582;        18.0;            ;         1.1;           4;W ARANTZA.NA
 es2019cdphg;  21/02/2019;    23:34:47;     43.1708;     -1.8476;        17.0;            ;         1.5;           4;E GOIZUETA.NA
 es2019cebae;  22/02/2019;    02:57:21;     43.1097;     -1.8418;        11.0;            ;         1.1;           4;NW EZKURRA.NA
 es2019djcep;  24/03/2019;    14:11:45;     43.1287;     -1.9954;        17.0;            ;         1.4;           4;SE ELDUAIN.SS
 es2019edbgb;  07/04/2019;    23:02:58;     43.1957;     -1.8697;        19.0;            ;         1.8;           4;E ARANO.NA
 es2019ehfpp;  14/04/2019;    03:48:43;     43.1784;     -1.9497;        27.0;            ;         1.3;           4;NE ELDUAIN.SS
 es2019ehgac;  14/04/2019;    03:50:26;     43.1853;     -1.9097;        26.0;            ;         1.3;           4;SW ARANO.NA
 es2019emdde;  21/04/2019;    03:11:48;     43.1175;     -1.7861;         0.0;            ;         1.7;           4;N SALDÍAS.NA
 es2019qgdgu;  19/08/2019;    23:50:54;     43.1560;     -2.0306;        20.0;            ;         2.2;           4;NW BERROBI.SS
 es2019qgets;  20/08/2019;    00:36:15;     43.1598;     -2.0180;        30.0;            ;         1.6;           4;NE BERROBI.SS
 es2019qggno;  20/08/2019;    01:29:41;     43.1514;     -1.9888;        31.0;            ;         1.5;           4;NE ELDUAIN.SS
 es2019ulyne;  19/10/2019;    02:05:45;     42.9742;     -1.8215;        12.0;            ;         1.4;           4;W IMOTZ.NA
 es2019uorqw;  20/10/2019;    14:01:54;     42.9558;     -1.7884;         0.0;            ;         1.7;           4;S IMOTZ.NA
 es2020crnyx;  08/02/2020;    01:14:21;     42.9913;     -2.1810;        12.0;            ;         1.1;           4;S ATAUN.SS
 es2020csneh;  08/02/2020;    13:58:20;     42.9956;     -2.1375;        10.0;            ;         1.2;           4;SE ATAUN.SS
 es2020csnem;  08/02/2020;    13:58:32;     42.9963;     -2.1730;        15.0;            ;         1.4;           4;SE ATAUN.SS
 es2020csnnu;  08/02/2020;    14:09:23;     42.9956;     -2.1471;        10.0;            ;         1.3;           4;SE ATAUN.SS
 es2020csnsc;  08/02/2020;    14:14:25;     42.9891;     -2.1314;        12.0;            ;         1.8;           4;SE ATAUN.SS
 es2020csnss;  08/02/2020;    14:15:08;     42.9983;     -2.1546;        14.0;            ;         1.1;           4;SE ATAUN.SS
 es2020ctalr;  08/02/2020;    20:40:55;     42.9807;     -2.1508;         8.0;            ;         2.3;           4;SE ATAUN.SS
 es2020ctatj;  08/02/2020;    20:49:53;     43.0011;     -2.1466;        10.0;            ;         1.3;           4;E ATAUN.SS
 es2020ctavi;  08/02/2020;    20:52:12;     43.0311;     -2.1966;        14.0;            ;         1.4;           4;NE OLABERRIA.SS
 es2020ctavq;  08/02/2020;    20:52:32;     42.9986;     -2.1239;        13.0;            ;         1.6;           4;E ATAUN.SS
 es2020ctawg;  08/02/2020;    20:53:16;     42.9798;     -2.1404;        11.0;            ;         1.5;           4;SE ATAUN.SS
 es2020ctaxm;  08/02/2020;    20:54:41;     42.9848;     -2.1359;        11.0;            ;         1.6;           4;SE ATAUN.SS
 es2020ctbaq;  08/02/2020;    20:58:24;     42.9793;     -2.1795;         6.0;            ;         1.3;           4;S ATAUN.SS
 es2020ctbxs;  08/02/2020;    21:25:17;     42.9887;     -2.1607;         9.0;            ;         1.8;           4;SE ATAUN.SS
 es2020ctbys;  08/02/2020;    21:26:28;     42.9960;     -2.1514;         9.0;            ;         1.3;           4;SE ATAUN.SS
 es2020ctcfi;  08/02/2020;    21:34:10;     43.0121;     -2.1701;        14.0;            ;         1.2;           4;NE ATAUN.SS
 es2020ctdid;  08/02/2020;    22:07:43;     42.9936;     -2.1570;        13.0;            ;         1.2;           4;SE ATAUN.SS
 es2020ctdma;  08/02/2020;    22:12:17;     42.9848;     -2.1521;        11.0;            ;         1.3;           4;SE ATAUN.SS
 es2020ctdyx;  08/02/2020;    22:27:16;     43.0023;     -2.1499;        15.0;            ;         1.3;           4;E ATAUN.SS
 es2020cteab;  08/02/2020;    22:28:37;     42.9984;     -2.1573;        12.0;            ;         1.4;           4;SE ATAUN.SS
 es2020dmrqg;  19/02/2020;    14:53:20;     43.1562;     -1.8894;        12.0;            ;         1.6;           4;SW GOIZUETA.NA
 es2020drrnp;  22/02/2020;    08:30:10;     43.1110;     -1.7368;        11.0;            ;         1.3;           4;SE ZUBIETA.NA
 es2020ebtko;  27/02/2020;    20:47:09;     43.1163;     -1.7782;         0.0;            ;         1.6;           4;W ZUBIETA.NA
 es2020fhfeh;  16/03/2020;    01:51:15;     43.1589;     -1.8974;        18.0;            ;         2.3;           4;SW GOIZUETA.NA
 es2020gcfxn;  27/03/2020;    14:01:29;     43.1370;     -2.2182;        19.0;            ;         1.9;           4;W BEIZAMA.SS
 es2020hbzmz;  10/04/2020;    16:15:07;     43.1040;     -1.9159;         4.0;            ;         1.2;           4;N LEITZA.NA
 es2020jbkyx;  08/05/2020;    19:49:55;     43.1769;     -2.1939;        24.0;            ;         1.3;           4;NW ERREZIL.SS
 es2020jbzgu;  09/05/2020;    03:03:24;     43.1373;     -2.1987;        33.0;            ;         1.5;           4;NE BEIZAMA.SS
 es2020loufa;  13/06/2020;    14:09:12;     43.1815;     -2.2349;        31.0;            ;         1.5;           4;E AZPEITIA.SS
 es2020lphhe;  13/06/2020;    20:45:42;     43.1400;     -2.2530;        31.0;            ;         1.3;           4;W BEIZAMA.SS
 es2020lponz;  14/06/2020;    00:25:47;     43.1812;     -2.2368;        29.0;            ;         1.3;           4;E AZPEITIA.SS
 es2020lwbcz;  17/06/2020;    13:34:55;     43.0934;     -2.2119;        21.0;          II;         3.0;           4;NW ITSASONDO.SS
 es2020lwbwr;  17/06/2020;    13:57:50;     43.1026;     -2.2089;        21.0;            ;         2.6;           4;S BEIZAMA.SS
 es2020nptvp;  12/07/2020;    14:01:43;     43.2346;     -1.7353;        24.0;            ;         1.6;           4;SW LESAKA.NA
 es2020obtvm;  19/07/2020;    03:37:27;     43.1619;     -2.1010;        28.0;            ;         1.2;           4;SE ALKIZA.SS
 es2020ppmpx;  09/08/2020;    21:18:26;     43.1373;     -1.8458;         0.0;          II;         3.0;           4;SE GOIZUETA.NA
 es2020pvjji;  13/08/2020;    02:27:46;     43.1550;     -1.9309;        27.0;            ;         1.4;           4;NE BERASTEGI.SS
 es2020qqlis;  24/08/2020;    15:15:29;     43.1321;     -1.8378;        20.0;            ;         1.6;           4;SE GOIZUETA.NA
 es2020qqwww;  24/08/2020;    21:05:24;     43.1175;     -1.8171;         3.0;            ;         1.6;           4;N EZKURRA.NA
 es2020qryqj;  25/08/2020;    11:06:24;     43.1290;     -1.8453;        11.0;            ;         1.7;           4;SE GOIZUETA.NA
 es2020qsenk;  25/08/2020;    14:04:49;     43.1455;     -1.8417;        16.0;            ;         1.7;           4;SE GOIZUETA.NA
 es2020qssny;  25/08/2020;    21:09:44;     43.1401;     -1.8536;        19.0;            ;         1.3;           4;SE GOIZUETA.NA
 es2020qtfys;  26/08/2020;    03:56:15;     43.1288;     -1.8282;        14.0;            ;         1.2;           4;N EZKURRA.NA
 es2020qudxp;  26/08/2020;    16:02:20;     43.1278;     -1.8279;        12.0;            ;         1.6;           4;N EZKURRA.NA
 es2020quqol;  26/08/2020;    22:25:40;     43.1357;     -1.8402;        13.0;            ;         1.2;           4;SE GOIZUETA.NA
 es2020reeak;  01/09/2020;    03:25:31;     43.1157;     -1.8429;         2.0;            ;         1.2;           4;NW EZKURRA.NA
 es2020srfyu;  22/09/2020;    12:35:53;     43.0691;     -1.9744;         8.0;            ;         1.2;           4;SW ARESO.NA
 es2020uxhvu;  24/10/2020;    07:16:30;     43.0918;     -1.9643;         0.0;            ;         1.7;           4;NW ARESO.NA
 es2020vkpew;  31/10/2020;    13:43:05;     43.1553;     -1.9150;        20.0;            ;         1.2;           4;NE BERASTEGI.SS
 es2020vsafj;  04/11/2020;    15:12:58;     43.1474;     -1.8527;        11.0;            ;         2.1;           4;SE GOIZUETA.NA
 es2020wxsdz;  21/11/2020;    23:24:38;     43.1182;     -2.4937;        12.0;            ;         2.2;           4;SW ELGETA.SS
 es2020xbopj;  24/11/2020;    02:08:36;     43.0644;     -1.7637;         5.0;            ;         1.7;           4;SE SALDÍAS.NA
 es2020zsokd;  31/12/2020;    20:13:54;     43.0723;     -1.9570;         0.0;            ;         1.6;           4;SW ARESO.NA
 es2021aucyd;  12/01/2021;    00:08:34;     43.0757;     -1.9895;         3.0;            ;         1.5;           4;W ARESO.NA
 es2021bfimw;  18/01/2021;    03:25:09;     43.1330;     -1.8566;         0.0;            ;         1.8;           4;S GOIZUETA.NA
 es2021crzmz;  08/02/2021;    07:04:09;     43.1477;     -1.8394;         0.0;            ;         1.6;           4;SE GOIZUETA.NA
 es2021cvyur;  10/02/2021;    11:14:48;     43.2765;     -2.0138;         5.0;            ;         1.6;           4;NE LASARTE-ORIA.SS
 es2021ehmvx;  03/03/2021;    00:16:12;     43.1367;     -2.4688;         1.0;          II;         2.2;           4;E ELGETA.SS
 es2021evnbl;  10/03/2021;    16:14:30;     43.0589;     -1.9491;        18.0;            ;         1.1;           4;S ARESO.NA
 es2021fznio;  27/03/2021;    02:22:31;     43.1949;     -2.4556;        10.0;            ;         1.8;           4;NE EIBAR.SS
 es2021gjhop;  01/04/2021;    10:47:37;     43.0556;     -2.0353;        10.0;            ;         1.6;           4;E AMEZKETA.SS
 es2021gkhmf;  01/04/2021;    23:52:49;     43.0479;     -2.4722;         0.0;            ;         1.1;           4;SE ARRASATE/MONDRAGÓN.SS
 es2021gnamx;  03/04/2021;    11:45:27;     43.0517;     -2.0137;        10.0;            ;         1.6;           4;NW ARAITZ.NA
 es2021gnaoa;  03/04/2021;    11:46:46;     43.0393;     -2.0657;        12.0;            ;         1.4;           4;SE AMEZKETA.SS
 es2021gwfbp;  08/04/2021;    12:15:44;     43.1075;     -1.8750;         0.0;            ;         1.6;           4;NE LEITZA.NA
 es2021gwfdc;  08/04/2021;    12:17:28;     43.0527;     -1.8764;         1.0;      II-III;         2.8;           4;SE LEITZA.NA
 es2021gwfha;  08/04/2021;    12:22:02;     43.1200;     -1.9159;         0.0;            ;         1.8;           4;N LEITZA.NA
 es2021hfiex;  13/04/2021;    12:02:25;     42.8978;     -1.8091;        12.0;            ;         1.6;           4;SE IRURTZUN.NA
 es2021hlvry;  17/04/2021;    01:39:33;     43.0984;     -1.7542;        11.0;            ;         1.2;           4;NW BEINTZA-LABAIEN.NA
 es2021hocne;  18/04/2021;    07:22:07;     43.1502;     -1.8959;        21.0;            ;         1.2;           4;SW GOIZUETA.NA
 es2021hsucs;  20/04/2021;    20:47:26;     43.1149;     -1.7610;         0.0;            ;         0.8;           4;SW ZUBIETA.NA
 es2021htgwz;  21/04/2021;    03:14:44;     43.0002;     -2.1038;         0.0;            ;         1.1;           4;S ABALTZISKETA.SS
 es2021lcxly;  08/06/2021;    02:12:18;     42.9991;     -2.1194;        17.0;            ;         1.2;           4;E ATAUN.SS
 es2021lmmtn;  13/06/2021;    08:07:39;     43.0886;     -1.9199;         9.0;            ;         1.1;           4;NW LEITZA.NA
 es2021mkgwn;  26/06/2021;    08:21:05;     43.1205;     -2.1880;         0.0;            ;         1.2;           4;SE BEIZAMA.SS
 es2021obpxm;  20/07/2021;    01:38:33;     43.0212;     -2.1652;        11.0;            ;         0.9;           4;NE ATAUN.SS
 es2021obqer;  20/07/2021;    01:46:57;     43.0301;     -2.1572;         0.0;            ;         1.0;           4;SW ZALDIBIA.SS
 es2021obqfi;  20/07/2021;    01:47:39;     43.0263;     -2.1444;         8.0;            ;         1.4;           4;SE ZALDIBIA.SS
 es2021obqfy;  20/07/2021;    01:48:25;     43.0283;     -2.1906;        19.0;            ;         1.3;           4;SW LAZKAO.SS
 es2021obqfh;  20/07/2021;    01:48:25;     43.0368;     -2.1821;        17.0;            ;         1.4;           4;NE LAZKAO.SS
 es2021obqgp;  20/07/2021;    01:49:13;     43.0486;     -2.2486;         0.0;            ;         1.0;           4;NE ORMAIZTEGI.SS
 es2021obqhd;  20/07/2021;    01:49:49;     43.0250;     -2.1598;         0.0;            ;         1.1;           4;SW ZALDIBIA.SS
 es2021obqhm;  20/07/2021;    01:50:13;     43.0399;     -2.1938;         0.0;            ;         1.1;           4;NW LAZKAO.SS
 es2021obqmg;  20/07/2021;    01:55:46;     43.0144;     -2.1980;         0.0;            ;         0.9;           4;SE OLABERRIA.SS
 es2021obrif;  20/07/2021;    02:21:23;     42.9839;     -2.1365;         4.0;            ;         1.5;           4;SE ATAUN.SS
 es2021qhyvr;  20/08/2021;    23:52:41;     42.9241;     -1.7916;         4.0;            ;         1.1;           4;E IRURTZUN.NA
 es2021rkcvr;  05/09/2021;    09:37:39;     43.0343;     -2.5564;         0.0;            ;         1.1;           4;SE ARAMAIO.VI
 es2021rprvv;  08/09/2021;    10:52:23;     43.3106;     -1.9674;        11.0;            ;         1.8;           4;SE DONOSTIA/SAN SEBASTIÁN.SS
 es2021sdveh;  16/09/2021;    04:25:03;     43.1003;     -2.0054;        11.0;            ;         1.3;           4;NE OREXA.SS
 es2021trwqh;  08/10/2021;    02:28:59;     43.0807;     -1.7359;         0.0;            ;         1.1;           4;SE BEINTZA-LABAIEN.NA
 es2021vwlxj;  08/11/2021;    01:39:20;     43.2165;     -1.7421;        28.0;            ;         1.6;           4;NW ARANTZA.NA
 es2021xomis;  02/12/2021;    03:44:08;     43.0707;     -2.0157;         0.0;          II;         2.8;           4;S OREXA.SS
 es2021ypipm;  16/12/2021;    20:26:33;     43.0788;     -1.7524;         0.0;            ;         1.3;           4;SW BEINTZA-LABAIEN.NA
 es2022chmfk;  02/02/2022;    13:01:24;     43.2379;     -1.8068;        27.0;            ;         1.6;           4;NW ARANTZA.NA
 es2022chuch;  02/02/2022;    17:00:15;     43.2280;     -1.7714;        21.0;            ;         2.0;           4;NW ARANTZA.NA
 es2022chzfp;  02/02/2022;    19:35:39;     43.2117;     -1.7549;        30.0;            ;         1.4;           4;NW ARANTZA.NA
 es2022cigdr;  02/02/2022;    23:05:33;     43.1572;     -1.7874;        24.0;            ;         1.6;           4;NW ZUBIETA.NA
 es2022cogkr;  06/02/2022;    06:01:39;     43.0538;     -2.1369;         8.0;            ;         1.5;           4;NW GAINTZA.SS
 es2022coqtl;  06/02/2022;    11:14:58;     43.0790;     -2.2134;         2.0;            ;         1.6;           4;NW BEASAIN.SS
 es2022cpsgt;  07/02/2022;    01:08:46;     43.0414;     -2.1513;         8.0;            ;         1.4;           4;N ZALDIBIA.SS
 es2022dcvlk;  14/02/2022;    05:28:58;     43.0928;     -1.8806;         0.0;            ;         1.9;           4;NE LEITZA.NA
 es2022eoukd;  07/03/2022;    00:00:51;     43.2376;     -1.7805;        17.0;            ;         1.7;           4;W LESAKA.NA
 es2022epoko;  07/03/2022;    10:07:29;     43.2422;     -1.7431;        27.0;            ;         1.6;           4;W LESAKA.NA
 es2022epopc;  07/03/2022;    10:12:47;     43.2499;     -1.7224;        29.0;            ;         1.6;           4;W LESAKA.NA
 es2022eposc;  07/03/2022;    10:16:17;     43.2458;     -1.7544;        30.0;            ;         1.8;           4;W LESAKA.NA
 es2022errjp;  08/03/2022;    13:53:15;     43.2231;     -1.7319;        24.0;            ;         2.1;           4;W IGANTZI.NA
 es2022gjwks;  01/04/2022;    18:17:43;     43.1429;     -1.8854;         1.0;            ;         2.2;           4;SW GOIZUETA.NA
 es2022gkckz;  01/04/2022;    21:19:52;     43.1808;     -1.8923;         5.0;            ;         1.7;           4;S ARANO.NA
 es2022gyenk;  09/04/2022;    14:15:09;     43.2264;     -2.3564;        23.0;            ;         2.1;           4;SE MENDARO.SS
 es2022hamov;  10/04/2022;    20:35:14;     43.0407;     -1.9141;         3.0;          II;         2.4;           4;NW LARRAUN.NA
 es2022hyhlh;  23/04/2022;    21:11:22;     43.0442;     -1.9510;         0.0;            ;         1.7;           4;E ARAITZ.NA
 es2022kbnyo;  24/05/2022;    02:48:11;     43.2668;     -1.7381;        33.0;            ;         1.7;           4;NW LESAKA.NA
 es2022kecxv;  25/05/2022;    12:37:56;     43.1586;     -1.7202;        10.0;            ;         1.5;           4;NW ITUREN.NA
 es2022kkhof;  28/05/2022;    21:46:13;     43.1603;     -2.3667;         0.0;            ;         1.5;           4;SE SORALUZE-PLACENCIA DE LAS A
 es2022lqokc;  15/06/2022;    13:29:14;     43.2164;     -2.2763;         3.0;            ;         1.4;           4;SW ZESTOA.SS
 es2022lsizv;  16/06/2022;    13:01:44;     43.2928;     -1.9414;        11.0;            ;         1.4;           4;NE ASTIGARRAGA.SS
 es2022mnfji;  27/06/2022;    22:59:21;     43.1048;     -1.7837;        18.0;            ;         1.5;           4;N SALDÍAS.NA
 es2022ortfn;  28/07/2022;    21:26:42;     43.1269;     -1.9935;        34.0;            ;         1.8;           4;W BERASTEGI.SS
 es2022peomf;  04/08/2022;    21:46:52;     43.1864;     -1.7589;        15.0;            ;         1.5;           4;SW ARANTZA.NA
 es2022pppjz;  10/08/2022;    22:42:49;     43.1555;     -1.8948;         2.0;            ;         1.6;           4;SW GOIZUETA.NA
 es2022ravhf;  31/08/2022;    07:36:43;     43.1100;     -1.8997;         1.0;            ;         2.0;           4;NE LEITZA.NA
 es2022zalmk;  22/12/2022;    22:21:44;     42.9732;     -2.2350;         0.0;            ;         2.1;           4;SE SEGURA.SS
